Nom,Prix,Description,Isbn,Photo,Editeur,Auteur
Dream Team: Les meilleurs secrets pour recruter et fid√©liser votre √©quipe id√©ale,5.27,"ATTENTION PH√âNOM√àNE !
D√©couvrez enfin le guide de survie ultime du manager !
La nouvelle √©dition du best-seller fran√ßais du management sign√© Ludovic Girodon d√©j√† vendu √† plus de 40 000 exemplaires.

Bien loin des grands classiques du genre et s‚Äôappuyant sur l‚Äôexp√©rience de plus de 400 managers, Dream Team r√©unit les meilleures techniques et m√©thodes pour recruter et fid√©liser votre √©quipe id√©ale. Si vous √™tes adepte d‚Äôoutils concrets et simples √† mettre en ≈ìuvre, ce livre est fait pour vous.
Facile √† lire et d√©complexant, ce guide est un v√©ritable acc√©l√©rateur pour devenir un manager performant, humain et efficace dans toutes les situations. Gr√¢ce √† lui, vous apprendrez √† d√©samorcer les conflits, faire du feedback puissant, mettre en place des points individuels qui ont de l‚Äôimpact, g√©n√©rer de la confiance, valoriser les talents, donner du souffle √† vos √©quipes, mener des conversations difficiles, responsabiliser efficacement‚Ä¶ Un kit de bonnes pratiques √† mettre entre toutes les mains !",978-2501180603,https://m.media-amazon.com/images/I/71nlbd9eFSL._SY522_.jpg,Marabout; Enlarged √©dition (3 avril 2024),Ludovic Girodon
Noise: Pourquoi nous faisons des erreurs de jugement et comment les √©viter,13.5,"D√®s qu'il y a jugement, il y a bruit. Quand deux m√©decins posent des diagnostics diff√©rents pour le m√™me patient, quand deux juges attribuent des peines plus ou moins lourdes pour le m√™me crime, quand deux responsables de ressources humaines prennent des d√©cisions oppos√©es √† propos d'un candidat √† un poste, nous sommes face au bruit. Daniel Kahneman, Olivier Sibony et Cass R. Sunstein montrent dans ce livre que le bruit exerce des effets nocifs dans de nombreux domaines : m√©decine, justice, protection de l'enfance, pr√©vision √©conomique, recrutement, police scientifique, strat√©gie d'entreprise... Pourtant, le bruit reste m√©connu. Il est la face cach√©e de l'erreur de jugement. Noise nous propose des solutions simples et imm√©diatement op√©rationnelles pour r√©duire le bruit dans nos jugements et prendre de meilleures d√©cisions.",978-2415006662,https://m.media-amazon.com/images/I/71nEVGG4oUL._SY522_.jpg,Odile Jacob (30 ao√ªt 2023),Daniel KAHNEMAN
"COMMENT ANALYSER LES GENS: Techniques de psychologie comportementale pour reconna√Ætre les personnalit√©s, d√©chiffrer les micro-expressions et lire les gens comme un livre ouvert",14.95,"√ätes-vous s√ªr que l‚Äôon vous dit la v√©rit√© ?
Imaginez que vous ayez le pouvoir de d√©chiffrer toute personne que vous regardez et de lire en elle comme dans un livre ouvert, que ce soient votre ami, votre coll√®gue, votre patron ou la personne que vous voulez conqu√©rir.
Gr√¢ce √† ce livre, vous d√©couvrirez exactement les m√™mes techniques utilis√©es par le FBI durant les interrogatoires pour analyser toute personne, lire dans ses pens√©es et voir si elle ment ou non.
Seuls 0,01 % des gens savent exactement comment d√©chiffrer le langage corporel secret, celui qui ne ment jamais, m√™me si l‚Äôon cache des secrets. Vous pourrez comprendre en un coup d'≈ìil ce que pense votre interlocuteur, simplement en regardant l'expression de son visage ou la fa√ßon dont il prononce certains mots.",979-8663119429,https://m.media-amazon.com/images/I/51SKvnNfR-L._SY522_.jpg,Independently published (2 juillet 2020),Robert Mercier
"ATTACHEMENT ANXIEUX: Le guide pratique pour arr√™ter de trop penser dans vos relations, atteindre la source de votre anxi√©t√©, et transformer la d√©pendance en confiance",11.42,"Vous sentez-vous souvent anxieux et en ins√©curit√© dans vos relations ?
Avez-vous toujours l'impression de chercher des assurances, sans jamais vous sentir totalement √† l'aise ?
L'attachement anxieux, une peur souvent enracin√©e dans nos premi√®res exp√©riences, peut nous entra√Æner dans une spirale de comportements inadapt√©s et de peur constante de l'abandon.

Cela peut amener √† l‚Äôisolement et √† se sentir accabl√©. Mais vous n'√™tes pas seul, il y a une issue.",979-8850025137,https://m.media-amazon.com/images/I/61d+N57j4NL._SY522_.jpg,Independently published (27 juin 2023),Robert Mercier
Psychologie des foules,10.0,"Pr√©face d'Alain Bauer

La Psychologie des foules fascine. L‚Äôouvrage de Gustave Le Bon √©claire ou inqui√®te. S‚Äôil n‚Äôa cess√© de conna√Ætre le succ√®s, il est autant critiqu√© qu‚Äôencens√©.
La France conna√Æt une longue histoire de r√©voltes souvent traduite par des destructions plus ou moins symboliques : mobilier urbain, v√©hicules, commerces, grilles de pr√©fecture, radars, Parlement de Bretagne, Arc de Triomphe‚Ä¶ Il est ais√© de constater que depuis les jacqueries paysannes jusqu‚Äôaux rugissements des quartiers, en passant par les pulsions r√©volutionnaires ou les mutineries de ronds-points, on revit souvent les m√™mes ph√©nom√®nes, mais pas toujours avec les m√™mes acteurs.
√Ä la lumi√®re des √©v√®nements de ces derni√®res ann√©es, Alain Bauer remet en perspective ce texte fondateur, sans oublier ses zones d‚Äôombre, mais sans n√©gliger ses apports. Afin de permettre le d√©bat.

Pour le peuple et contre la foule.",978-2818507308,https://m.media-amazon.com/images/I/81+jHJcVwLL._SY522_.jpg,Fayard/Pluriel (20 septembre 2023),Gustave Le Bon
,9.77,,,,,
En finir avec les id√©es fausses sur l'√©cole,9.97,,978-2708254350,https://m.media-amazon.com/images/I/51cNBjPj5eL._SY522_.jpg,Editions de l'Atelier (19 avril 2024),Louise Tourret
Le harc√®lement moral,14.72,"Un mot peut tuer !
Pour d√©stabiliser et d√©truire, les armes de la malveillance, de la manipulation et de la pers√©cution sont innombrables. La perversit√© ordinaire d'un conjoint, d'un parent, d'un sup√©rieur peut briser un couple, d√©faire une vie, ruiner une carri√®re professionnelle. La loi du plus fort r√®gne le plus souvent dans la famille, l'entreprise, la soci√©t√©. L'agresseur m√®ne patiemment son ≈ìuvre paralysante et meurtri√®re. Sa victime se laisse peu √† peu enfermer dans le pi√®ge pr√©vu pour son supplice.
Comment comprendre, analyser, vaincre le harc√®lement psychologique ? Quelles solutions, quelles parades y opposer ?

"" Un ouvrage impressionnant. "" L'Express",978-2266289016,https://m.media-amazon.com/images/I/51KrmMgLC-L._SY522_.jpg,Pocket (15 mai 2018),Marie-France Hirigoyen
"Face aux animaux: Nos √©motions, nos pr√©jug√©s, nos ambivalences",22.9,"C‚Äôest l‚Äôhistoire du lien tr√®s particulier que nous entretenons avec les animaux qui nous est cont√©e dans ce livre. Depuis l‚Äôorigine, ils nous fascinent et nous terrorisent √† la fois. Ils ont occup√© une place centrale dans les civilisations pass√©es et jouent, aujourd‚Äôhui encore, un r√¥le fondamental aupr√®s des humains. Beaucoup investissent en eux toute leur affection, toutes leurs √©motions.
C‚Äôest aussi l‚Äôample fresque de nos relations avec les animaux, nourrie des connaissances les plus r√©centes. Pour percer √† jour ce qui nous lie, ce livre emprunte de nouveaux chemins qui d√©voilent nos attachements et leurs ambivalences.
En revisitant la fameuse exp√©rience de Stanley Milgram sur la soumission √† l‚Äôautorit√©, dans laquelle des hommes et des femmes ordinaires sont amen√©s √† porter atteinte √† un animal de laboratoire (en r√©alit√© un robot) pour la science, Laurent B√®gue-Shankland renouvelle l‚Äôanalyse des influences de nos comportements face aux animaux. Il r√©v√®le les profils individuels et les circonstances qui favorisent une diminution de notre empathie envers eux.
Ce livre montre que nos relations avec eux, de l‚Äôattachement √† la maltraitance, √©clairent profond√©ment notre identit√© et notre rapport √† autrui.

Une plong√©e saisissante au c≈ìur de nos relations affectives avec les animaux.",978-2415001841,https://m.media-amazon.com/images/I/81K1mGcPx-L._SY522_.jpg,Odile Jacob; Illustrated √©dition (23 f√©vrier 2022),Laurent B√®gue-Shankland
Le Club Bilderberg: L'histoire secr√®te des ma√Ætres du monde,16.73,"Fruit de plus de quinze ann√©es de recherches rigoureuses et dangereuses, l‚Äôimpressionnante enqu√™te de Daniel Estulin d√©voile pour la premi√®re fois ce qui n‚Äôavait jamais √©t√© dit auparavant, √©clairant les jeux de pouvoir qui se d√©roulent √† notre insu. Sous la protection f√©roce de la police, la classe dirigeante mondiale dicte ses lois sur la politique, l‚Äô√©conomie et les questions militaires.
L‚Äôouvrage fouill√© d‚ÄôEstulin d√©montre comment le Groupe Bilderberg a √©t√© impliqu√© dans tous les plus grands myst√®res de l‚Äôhistoire r√©cente et comment de cette √©lite √©mergent les figures cl√©s du grand √©chiquier international ‚Äì d‚Äôimportants hommes politiques et hommes d‚Äôaffaires europ√©ens, des pr√©sidents des √âtats-Unis, des directeurs d‚Äôagences telles que la CIA ou le FBI, des grands noms du journalisme ‚Äì et comment de ces rencontres naissent les lignes directrices de la mondialisation.",978-8828517740,https://m.media-amazon.com/images/I/71T6f7yrBnL._SY522_.jpg,MACRO EDITIONS; 2e √©dition (9 novembre 2023),Daniel Estulin
L'art du recrutement avec la PNL: (PNL : Programmation Neurolinguistique),10.94,"Ma carri√®re de Manager m‚Äôa permis de beaucoup recruter. J‚Äôai toutefois not√© une chose. Pour ce qui est du savoir-faire, il est facile de d√©terminer si la personne a les comp√©tences ou pas. En revanche, qu‚Äôen est-il du savoir √™tre ? Comment peut-on savoir comment va se comporter la personne dans l‚Äôentreprise ? Peut-elle facilement s‚Äôint√©grer √† l‚Äô√©quipe ? Va-t-elle √©voluer dans la soci√©t√© ou va-t-elle rester au m√™me poste ? Ou encore, va-t-elle vouloir rester longtemps ?
Quand j‚Äôai d√©couvert la PNL, cela a √©t√© clair pour moi que, si j‚Äôavais eu cet outil √† ma port√©e, cela aurait grandement facilit√© ma vie pour recruter.
Ce livre s‚Äôadresse aux recruteurs professionnels, aux recruteurs occasionnels ou encore √† ceux qui vont avoir un entretien de recrutement, soit dans le cadre d‚Äôune embauche, soit dans le cadre d‚Äôun changement de fili√®re au sein de la m√™me entreprise.
Quoi de plus fatiguant que d‚Äô√™tre en zone d‚Äôeffort en permanence. Si l‚Äô√™tre humain a besoin de cette zone d‚Äôeffort pour ¬´performer ¬ª, il a aussi besoin de zone de confort pour travailler sereinement. Il faut donc que la zone d‚Äôeffort soit ponctuelle.
Mais alors, comment savoir qui on est et comment on fonctionne ou comment est la personne que l‚Äôon doit recruter si l‚Äôon est recruteur. Comment savoir ce qui motive, ce qui implique.
En g√©n√©ral, au moment du recrutement, il est facile de savoir si la personne a les comp√©tences pour faire le job (savoir faire). Mais comment va se comporter la m√™me personne dans son ¬´ savoir √™tre ¬ª. Peut-elle facilement s‚Äôint√©grer √† l‚Äô√©quipe. Va-t-elle √©voluer dans la soci√©t√© ou encore va-t-elle vouloir rester longtemps ?
La PNL est un outil pr√©cieux pour cela. En effet, √† travers quelques questions, on va pouvoir savoir comment fonctionne une personne.
J‚Äôai volontairement r√©duit le champ des recrutements √† trois profils :",979-8326233295,https://m.media-amazon.com/images/I/51yE7l7CDlL._SY522_.jpg,Independently published (23 mai 2024),Philippe Manuel Marques
"Comment devenir un bon leader: Am√©liorer sa vie et celle de sa Dream Team gr√¢ce √† la Confiance en soi, le charisme, l‚Äôanalyse des autres, l'empathie, la communication et le management",17.21,"R√©sum√© du livre :
Vous sentez-vous parfois different des autres ? Sentez-vous parfois toutes les capacit√©s non exploit√©es qui sommeillent en vous ? Le leader qui est en vous et qui souhaite se r√©veiller pour donner un sens √† sa vie est non seulement un cadeau que vous pourriez vous faire, mais aussi une des meilleures d√©cisions prises pour am√©liorer votre vie et celle des autres. Ce sont les leaders et leur esprit d‚Äôinitiative qui fa√ßonnent, lib√®rent et changent le monde.
Cet ouvrage se d√©marque car en plus du d√©veloppement personnel, il conseil sur les qualit√©s principales d‚Äôun bon leader; l‚Äôanalyse des autres, le management, la communication et la r√©partie; mais aussi sur le d√©veloppement collectif et de ses collaborateurs qui le suivent. Vous y trouverez tout ce qu‚Äôil vous faut pour comprendre, connaitre et mieux former ce leader hors-pair que vous avez toujours √©t√© int√©rieurement.",979-8371323149,https://m.media-amazon.com/images/I/61IgUbgfAZL._SY522_.jpg,Independently published (1 mars 2023),Julian Robert
"Sant√© et travail, paroles de ch√¥meurs",23.0,"Si on dispose aujourd‚Äôhui de nombre de donn√©es, d‚Äôenqu√™tes, de recherches, de Plans d‚Äôaction sur la sant√© au travail, pourquoi le temps du ch√¥mage n‚Äôest-il jamais int√©gr√© √† ces investigations ? A en juger au nombre r√©duit de travaux de recherche sur cette question, √† l‚Äôabsence de m√©decine du travail ou tout autre syst√®me de suivi de leur sant√©, √† l‚Äôabsence de politique publique visant la pr√©vention de la d√©gradation de la sant√© durant les p√©riodes de ch√¥mage, il semble que le ch√¥mage soit synonyme de chute dans un trou, une trappe, une zone d‚Äôinvisibilisation majeure. Les ch√¥meurs sont-ils toujours des travailleurs ? Ou des zombis errant entre les statuts l√©gitimes qui fondent les diff√©rentes cat√©gories institu√©es : ni en emploi, ni en √©ducation, ni en formation, ni en retraite‚Ä¶ Le seul organisme d√©di√© est P√¥le emploi : √† lui de ¬´ g√©rer ¬ª les probl√®mes de sant√© rencontr√©s ?  Les r√©cits des parcours de vie de ch√¥meurs sont √©difiants, cet ouvrage leur donne enfin la parole.",978-2749280288,https://m.media-amazon.com/images/I/71ku5qY4vKL._SY522_.jpg,ERES (28 mars 2024),Dominique Lhuilier
Enqu√™ter dans les organisations: Comprendre pour agir,7.78,"Ce manuel propose une d√©marche et des rep√®res sur la mani√®re dont l'enqu√™te sociologique peut √™tre mobilis√©e en situation d'intervention dans les organisations (priv√©es, publiques ou associatives). Il s'adresse ainsi tant aux √©tudiants en sciences sociales qu'√† tous les praticiens qui recourent √† l'enqu√™te dans leur fonction : charg√©s d'√©tudes, consultants, intervenants en sciences humaines et sociales, responsables RH, partenaires sociaux...
Au-del√† des rep√®res m√©thodologiques constitutifs d'une d√©marche qualitative de recherche, ce manuel envisage l'enqu√™te comme une exp√©rience √† vivre. Il invite √† d√©velopper une posture r√©flexive d'analyse de la pratique et de la relation au terrain. De tr√®s nombreux exemples empiriques, issus de terrains vari√©s, permettent d'illustrer le propos et de donner √† voir les ""ficelles du m√©tier"".",978-2753576872,https://m.media-amazon.com/images/I/61vI4ypxn2L._SY522_.jpg,PU RENNES (25 avril 2019),Anne-Claude Hinault
Que fait la police ?: Et comment s'en passer,12.6,"Omnipr√©sente dans les rues comme dans le d√©bat public, la police soul√®ve davantage de questions qu'elle ne semble pouvoir en r√©soudre. Devant l'ampleur manifeste des violences polici√®res et leur d√©nonciation de plus en plus large, les gouvernements et les syndicats policiers nient toute responsabilit√© et pointent r√©guli√®rement un manque de moyens, une surcharge de travail et un ¬´ mal-√™tre ¬ª policier ‚Äì tandis qu'une sociologie critique √©voque un probl√®me de formation ou l'inad√©quation des techniques du maintien de l'ordre. Mais on √©lude souvent cette interrogation fondamentale : concr√®tement, que fait la police ? √Ä quel besoin r√©pond-elle ? En mobilisant les √©tudes disponibles et en confrontant les chiffres, ce livre r√©fute les pr√©suppos√©s au fondement du mythe policier d'une institution peut-√™tre imparfaite mais n√©cessaire au service de toute la soci√©t√©, dont elle ne ferait que refl√©ter les travers. Paul Rocher montre que l'emprise polici√®re n'a fait que croitre ses derni√®res ann√©es, alors m√™me que les rapports sociaux se sont globalement pacifi√©s et que la d√©linquance est stable depuis des d√©cennies, signalant une r√©organisation autoritaire du pays. Plut√¥t qu'un outil pour lutter contre le crime, la police appara√Æt alors comme un moyen d'obtenir par la coercition l'assentiment des populations. Loin d'√™tre neutre, elle est garante d'un ordre in√©gal. Pour le comprendre il faut remonter √† l'av√®nement au XIXe si√®cle de la police moderne, consubstantiel √† la transformation capitaliste de l'√©conomie, au d√©veloppement du salariat et de la discipline du travail. D√®s le d√©part, elle est organis√©e pour faire la police des pauvres, des contestataires et des d√©viants. Si la police g√©n√®re en son sein des comportements violents, racistes et sexistes, ce n'est donc pas le fait d'un dysfonctionnement mais de sa nature : con√ßue comme un corps s√©par√© de la soci√©t√©, imperm√©able aux revendications de justice sociale et d'autant plus fid√®le √† l'ordre √©tabli, elle recrute des personnalit√©s autoritaires appel√©es √† intervenir par la force dans des situations qui pourraient conna√Ætre d'autres issues.",978-2358722391,https://m.media-amazon.com/images/I/51SGGg5Gt9L._SY522_.jpg,La Fabrique Editions; 1er √©dition (9 septembre 2022),Paul Rocher
"Ne jamais baisser les yeux - Solidaire un jour, solidaire toujours, le Secours populaire fran√ßais",19.5,""" Tout ce qui est humain est n√¥tre. ""
Devise du Secours populaire
Henriette Steinberg fait sa premi√®re collecte √† 12 ans, gare du Nord, avec le Secours populaire. Fille de survivants de la Shoah, elle s'engage tr√®s t√¥t aupr√®s de ceux qui luttent pour l'ind√©pendance des colonies, la lib√©ration des prisonniers politiques et aupr√®s des populations les plus pauvres.
Dix ans plus tard, elle y occupe les plus hautes responsabilit√©s. En tant que b√©n√©vole, elle sillonne le terrain avec les membres du Secours populaire, en France et √† l'√©tranger, dans l'Espagne de Franco, au Liban, dans les Territoires occup√©s, au Mexique, au Japon, en Indon√©sie... o√π elle rencontre les victimes des catastrophes naturelles, de la pauvret√© ou de la guerre.
Sa conviction est in√©branlable : ne pas se pr√©occuper des causes des trag√©dies, seulement de leurs cons√©quences. Et impliquer le plus de personnes possibles dans cette d√©marche d'entraide.
Partout, elle mobilise la presse et les donateurs ; elle imagine des solutions pratiques et qui marchent !
Dans son r√©cit qui croise les drames de l'histoire et les parcours des d√©favoris√©s, Henriette Steinberg livre le mode d'emploi d'un engagement solidaire et efficace, √† notre port√©e, et source d'√©nergie et de joie in√©puisables.",978-2221258736,https://m.media-amazon.com/images/I/51v8VXy5j4L._SY522_.jpg,Robert Laffont (29 septembre 2022),Henriette Steinberg
"Psychologie politique du populisme: Trump, Poutine et les ressorts de l'humiliation",9.78,"L‚Äôassaut du Capitole √† Washington le 6 janvier 2021 et la guerre lanc√©e par la Russie contre l‚ÄôUkraine en f√©vrier 2022 r√©v√®lent une d√©rive inqui√©tante vers une forme nouvelle de populisme. C‚Äôest cette pathologie sociale que Fran√ßois Bafoil interroge ici, en analysant les dynamiques qui sous-tendent les orientations politiques de Trump et de Poutine. √Ä la lumi√®re des perspectives th√©oriques de Freud et d‚ÄôElias sur les ressorts pulsionnels de la masse et sur les traumatismes sociaux caus√©s par la recherche d‚Äôune souche originaire manquante, les politiques populistes de Trump et de Poutine s‚Äô√©clairent √† nouveaux frais : fa√ßonn√©es par l‚Äôamour et par la haine, elles se nourrissent des frustrations et du ressentiment des masses, et poussent √† la violence. L‚Äôexacerbation de cette violence constitue m√™me, pour ces chefs, une forme de promesse de renouvellement de la d√©mocratie. Une d√©mocratie du peuple et pour le peuple, une d√©mocratie mise au service des masses, qui se fonde sur une conception de la v√©rit√© une et pure, source d‚Äôapaisement et de bien-√™tre, et qui exclut tout √©tranger.",979-1037029133,https://m.media-amazon.com/images/I/615oiq+hsyL._SY522_.jpg,Hermann (22 f√©vrier 2023),Fran√ßois Bafoil
BUT! LA PASSION DU FOOTBALL EN 50 QUESTIONS INSOLITES: La l√©gende du football racont√©e aux fans de tout √¢ge,17.8,"¬´ Certaines personnes pensent que le football est une question de vie ou de mort. Je trouve √ßa choquant. Je peux vous assurer que c'est bien plus important que √ßa. ¬ª Bill Shankly
‚ö†Ô∏è Si vous √™tes un passionn√© de football, vous ne pouvez pas ne pas conna√Ætre la r√©ponse √† ces 50 questions in√©dites sur votre sport pr√©f√©r√©.
‚ö†Ô∏è Si vous voulez √©pater vos amis, vos proches ou vos coll√®gues de bureaux, vous ne pouvez pas ne pas conna√Ætre la r√©ponse √† ces incroyables anecdotes ou √©v√©nements.
‚úÖ Vous laisserez tout le monde sans voix lorsque vous en parlerez et montrerez des photos sublimes de tifos et de stades fran√ßais et √©trangers en couleurs.",979-8388409843,https://m.media-amazon.com/images/I/61QjKRThnzL._SY522_.jpg,Independently published (16 avril 2023),Pierre-Etienne HOURLIER
"La violence conjugale, entre v√©cu et l√©gitimation patriarcale: Contribution pour une psychologie f√©ministe",29.99,"Comment la violence conjugale peut-elle perdurer dans une soci√©t√© qui repose sur un principe d‚Äô√©galit√© entre les sexes et produit une l√©gislation la condamnant ? Qu‚Äôest-ce qui, dans notre contexte culturel et nos mentalit√©s, maintient ces violences malgr√© la prolif√©ration des discours progressistes ?
Solveig Lelaurain et David Fonte r√©pondent √† ces questions √† travers quatre enqu√™tes qui contextualisent la violence conjugale dans un ensemble de normes et de valeurs patriarcales. Ces enqu√™tes explorent les repr√©sentations sociales les plus communes de ce ph√©nom√®ne en vue de mieux comprendre son acceptation et ses cons√©quences pour les victimes.
Premi√®re contribution en langue fran√ßaise √† th√©oriser la violence conjugale depuis la perspective d‚Äôune psychologie f√©ministe, cet ouvrage d√©construit les discours psychologisants port√©s sur les victimes et les agresseurs, mais aussi les id√©aux romantiques et les grandes illusions v√©hicul√©es par le mod√®le de la famille h√©t√©ronormative.
Un point de vue in√©dit sur un ph√©nom√®ne qu‚Äôil est urgent de mieux comprendre.
√Ä PROPOS DES AUTEURS",978-2804720278,https://m.media-amazon.com/images/I/81E3h5hOJQL._SY522_.jpg,Mardaga (13 janvier 2022),Solveig Lelaurain
St√©r√©otypes de genre et in√©galit√©s professionnelles entre femmes et hommes: Quelles responsabilit√©s pour les organisations ?,24.0,"Ce livre √©tudie les liens entre st√©r√©otypes de genre et in√©galit√©s professionnelles entre femmes et hommes en Europe. Plus pr√©cis√©ment, il se fonde sur des donn√©es europ√©ennes pour √©tudier la pr√©valence des st√©r√©otypes de genre, en France comme dans d‚Äôautres pays europ√©ens, et la mani√®re dont ces st√©r√©otypes de genre contribuent aux in√©galit√©s entre femmes et hommes dans la sph√®re professionnelle.
Il s‚Äôint√©resse aussi aux pratiques de gestion des ressources humaines et aux fonctionnements organisationnels qui favorisent ou au contraire portent atteinte √† l‚Äô√©galit√©. Cet ouvrage cherche ainsi √† pr√©ciser le r√¥le des entreprises dans l‚Äôatteinte de l‚Äô√©galit√© femmes-hommes, dans un contexte o√π les st√©r√©otypes de genre constituent des facteurs explicatifs des in√©galit√©s professionnelles.",978-2376877349,https://m.media-amazon.com/images/I/41URsV-834L.jpg,EMS GEODIF (9 mars 2023),Clotilde Coron
"Et tes parents, ils font quoi ?: Enqu√™te sur les transfuges de classe et leurs parents",8.4,"Depuis qu‚Äôil est arriv√© √† Paris, Adrien Naselli, p√®re conducteur de bus et m√®re secr√©taire, tient une liste des gens comme lui, ces ¬´ transfuges de classe ¬ª qui concentrent l‚Äôattention des m√©dias. Pour cette enqu√™te, il est all√© √† la rencontre de leurs parents. Ils sont ouvriers, agriculteurs, aides-soignantes, tandis que leurs enfants sont journalistes, magistrats ou universitaires. Ils gagnent le SMIC ou √† peine plus, ont quitt√© l‚Äô√©cole avant dix-huit ans et n‚Äôont pour la plupart jamais pris l‚Äôavion. Dans le conte de f√©es de la m√©ritocratie, ils sont l‚Äôenvers du d√©cor.
Dans ce livre tendre et poignant, Adrien Naselli a voulu redonner la parole √† celles et ceux qu‚Äôon n‚Äôentend jamais. Princes et princesses de la R√©publique, les transfuges de classe ont vu leurs parents, ni rois ni reines, rel√©gu√©s au second plan. Ce livre leur rend la couronne.",978-2253937388,https://m.media-amazon.com/images/I/71A5hyTjumL._SY522_.jpg,Le Livre de Poche (17 mai 2023),Adrien Naselli
Exp√©rience sur l'ob√©issance et la d√©sob√©issance √† l'autorit√©,6.16,"La c√©l√©brissime "" exp√©rience de Milgram "" a fait couler beaucoup d'encre, inspirant critiques, militants, cin√©astes ou romanciers. En compl√©ment √† ce bref texte fondateur, l'un des premiers comptes rendus de l'exp√©rience publi√© en 1965 par son concepteur, cette √©dition propose de revenir de fa√ßon critique, plus de quarante ans plus tard, sur sa longue histoire.
Le savant, en blouse blanche, vous ordonne d'appuyer √† nouveau sur le bouton, d'augmenter encore le voltage. Face √† vous, vous pouvez voir l'homme se tordre de douleur et crier √† chaque nouvelle d√©charge √©lectrique. De plus en plus fort. On vous a dit que c'√©tait une exp√©rience scientifique. Que le cobaye √©tait consentant. Vous √™tes pay√©. "" Vous devez continuer "", r√©p√®te la voix.
Allez-vous obtemp√©rer ? Irez-vous jusqu'√† la d√©charge maximale ?
Mais le cobaye n'est pas celui qu'on croit. L'homme l√†-bas √©tait un acteur. Il n'y avait pas de courant dans les √©lectrodes. C'√©tait vous, et non lui, qui faisiez l'objet de l'exp√©rience.
Ce dispositif √©tait celui que le psychologue am√©ricain Stanley Milgram avait imagin√©, en 1961, alors que le proc√®s retentissant du criminel nazi Adolf Eichmann faisait la "" une "" des journaux, pour conduire une s√©rie d'exp√©riences sur les "" conditions de l'ob√©issance et de la d√©sob√©issance √† l'autorit√© "".
Pourquoi ob√©it-on ? Pourquoi se soumet-on √† l'autorit√© ? Et surtout : comment d√©sob√©ir ?
La c√©l√®bre "" exp√©rience de Milgram "" a fait couler beaucoup d'encre. En compl√©ment √† ce texte fondateur, publi√© en 1965, cette √©dition met en perspective la longue histoire des d√©bats qui ont accompagn√© sa r√©ception.",978-2707194732,https://m.media-amazon.com/images/I/61Yo3fDNJZL._SY522_.jpg,La D√©couverte (4 mai 2017),Stanley Milgram
La vie sociale des po√®tes,9.03,"¬´ La po√©sie est une √Æle qui se d√©tache du continent ¬ª, √©crit le prix Nobel de litt√©rature Derek Walcott. Mais alors, qui sont les habitants de cette √Æle et comment vivent-ils, s‚Äôinterroge S√©bastien Dubois ?

Malgr√© les nombreux discours de d√©ploration sur la po√©sie, qui irait de crise en crise depuis 1945, jamais cet art n‚Äôa connu une telle vitalit√© : livres, lectures, performances, festivals, march√©s foisonnent ; des auteurs sont publi√©s de leur vivant dans la Pl√©iade ou en livre de poche, d‚Äôautres sont √©tudi√©s √† l‚Äôuniversit√©, entrent dans les programmes scolaires, etc.

L‚Äôouvrage porte un regard de sociologue sur la condition, relativement organis√©e, des po√®tes contemporains, qui m√™lent activit√©s litt√©raires et ¬´ seconds m√©tiers ¬ª comme modes d‚Äôexistence. Surtout, parce que la po√©sie est √† la source de toute litt√©rature et demeure un art ¬´ pur ¬ª, gouvern√© par le prestige, il s‚Äôattache √† saisir la vie esth√©tique de ses auteurs.

S√©bastien Dubois est professeur √† NEOMA Business School et chercheur associ√© au Centre de sociologie des organisations (Sciences Po/CNRS).",978-2724640656,https://m.media-amazon.com/images/I/611f8B-s89L._SY522_.jpg,Les Presses de Sciences Po (3 mars 2023),S√©bastien Dubois
Repenser les organisations √† l‚Äô√®re de l‚Äôintelligence artificielle : Quel avenir pour nos PME-PMI ?,22.0,"A l‚Äôaube d‚Äôune r√©volution technologique majeure port√©e par le d√©veloppement de l‚Äôintelligence artificielle, les strat√©gies mises en ≈ìuvre aujourd‚Äôhui par les entreprises vont conditionner les cinquante prochaines ann√©es. Sans une vision √† long terme, nos PME-PMI risquent de se faire engloutir par une strat√©gie unique, celle des GAFAM. Certes, les g√©ants du num√©rique n‚Äôont jamais cr√©√© autant de richesses, mais de quelle richesse parlons-nous ? Car la finalit√© d‚Äôune entreprise n‚Äôest pas tant de s‚Äô√©quiper de technologies digitales, que de faire perdurer son savoir-faire, ses valeurs et son originalit√©, pour cr√©er une richesse partag√©e. Dans cet environnement mouvant et difficile, l‚Äôhumain devient la principale ressource des entreprises. Cet essai propose des pistes de r√©flexion et des outils pour pr√©parer l‚Äôentreprise √† l‚Äôav√®nement de l‚ÄôIntelligence Artificielle, tout en soutenant un progr√®s humaniste.",978-2363925176,https://m.media-amazon.com/images/I/51sw+T9MXqL._SY522_.jpg,Les √©ditions Ovadia (15 avril 2023),Didier Ait
Le management: Voyage au centre des organisations - Poche,13.6,"J'ai √©crit ce livre en pensant qu'il existait un r√©el besoin d'une meilleure compr√©hension des organisations, et ce, autant dans la soci√©t√© prise dans son ensemble, que parmi les managers qui essayent de faire fonctionner ces organisations.
Henry MINTZBERG
Un incontournable du management, accessible √† tous en version poche.
Ce livre pr√©sente l'essentiel des travaux de Mintzberg, l'un des plus grands sp√©cialistes mondiaux des organisations. Destin√© aux √©tudiants comme aux professionnels, il donne une vue compl√®te du management.",978-2708130937,https://m.media-amazon.com/images/I/619Vn8KdZ-L._SY522_.jpg,Editions d'Organisation; 2e √©dition (1 avril 2004),Henry Mintzberg
Conspirators Hierarchy: The Story of the Committee of 300,6.05,"Can you imagine an all powerful group, that knows no national boundaries, above the laws of all countries, one that controls every aspect of politics, religion, commerce and industry, banking, insurance, mining, the drug trade, the petroleum industry, a group answerable to no one‚Äàbut its members? To the vast majority of us, such a group would appear to be beyond the realms of possibilities and capabilities of any given organization. If that is what you believe, then you are in the majority. The conception of a secret, elite group exercising control of every aspect of our lives is beyond our comprehension. Americans are prone to say, ""It can't happen here, our Constitution forbids it."" That there is such a body, called ""The committee of 300,"" is graphically told in this book. When most people attempt to address our problems, they speak or write about ""they""; this book tells precisely who ""they"" are, and what ""TheY"" have planned for our future, how ""they"" have been at war with the American nation for 50 years, a war which we are on the brink of losing, what methods ""They"" use and exactly how ""they"" have brainwashed us. If you are Puzzled and perplexed as to why things are occurring that we as a nation don't like yet seem powerless to prevent, why it is that the United States always seems to back the wrong horse, Why the united states is in a depression from which it will not emerge, why our former social and moral values have been turned aside and seemingly buried; if you are confused by the many conspiracy theories, the conSPirators' hierarchy: the committee of 300 will clearly establish that these conditions have been deliberately created to bring us to our knees. Once you have read the applying truths contained in this book, understanding past and present political, economic, social and religious events will no longer be a problem. This powerful account of the forces ranged against the United States, and indeed the entire free world, cannot be ignored.",978-0922356577,https://m.media-amazon.com/images/I/61u4UDBNbhL._SY522_.jpg,"America West Publishers,U.S. (13 mai 2016)",Joan Coleman
Le m√©diateur dans l'ar√®ne: R√©flexion sur l'art de la m√©diation,23.5,"Contrairement aux apparences, la m√©diation est une activit√© tr√®s complexe qui n√©cessite une formation sp√©cifique. Le m√©diateur est toujours confront√© √† l'inconnu, au doute et au chaos relationnel des personnes en conflit qui le voient souvent comme leur dernier recours. La posture de m√©diateur est extr√™mement d√©licate √† acqu√©rir et √† respecter quelle que soit la nature des conflits trait√©s. La bonne volont√© et l'improvisation ont des limites. Pour √™tre efficace, le m√©diateur a besoin de r√©fl√©chir √† son √©thique et √† son r√¥le ; de conna√Ætre ses r√©actions personnelles face au conflit et au pouvoir. Il doit s'entra√Æner √† √™tre √† la fois acteur et observateur. Cet ouvrage constitue un pr√©cieux outil de formation pour tous les m√©diateurs qui, au fil de leur activit√©, se trouvent confront√©s √† leurs propres limites et √† leurs doutes. Les paradoxes, les m√©taphores et les nombreux cas expos√©s ici facilitent la compr√©hension et la r√©flexion du lecteur. Universitaire et m√©diateur, Thomas Fiutak a fond√© le Centre de gestion des conflits et de m√©diation, √† l'universit√© de Minneapolis (Minnesota) aux Etats-Unis. Cet ouvrage a √©t√© √©crit en collaboration avec Yvette Colin et Gabrielle Plan√®s.",978-2749210292,https://m.media-amazon.com/images/I/71Ap2oGiX3L._SY522_.jpg,ERES (12 f√©vrier 2009),FIUTAK THOMAS
La Frustration salariale: A quoi servent les primes ?,11.45,"Cet ouvrage part √† la d√©couverte du ph√©nom√®ne de la frustration salariale. Aujourd‚Äôhui, des √©l√©ments de plus en plus vari√©s sont adjoints au salaire pour r√©tribuer le travail et les salari√©s sont en demande d‚Äôune plus grande transparence.

 Dans les trente derni√®res ann√©es, les points de rep√®re pour appr√©cier la r√©mun√©ration du travail se sont peu √† peu effac√©s. L‚Äôindividualisation r√©cente des r√©mun√©rations brouille les perceptions individuelle et collective des salaires dont les usages sont finalement plus complexes qu‚Äôil n‚Äôy para√Æt (ceux-ci ont aussi pour fonction d‚Äôattirer, de fid√©liser, de contr√¥ler, voire de punir...). En cons√©quence, les salari√©s sont en demande d‚Äôune plus grande transparence.",979-1023107739,https://m.media-amazon.com/images/I/811tPBh2q6L._SY522_.jpg,SUP; 1er √©dition (26 mars 2024),Elise Penalva - Icher
Le Soi : les fondamentaux,16.14,"Qui suis-je ? O√π vais-je ? Dans quelle ¬´ √©tag√®re ¬ª ? demandait Coluche. Au-del√† de l'humour, la formule renvoie √† des questions existentielles qui consument r√©guli√®rement l'esprit de chacun d'entre nous et qui ont trouv√© au travers du temps autant de r√©ponses que de penseurs. Le pr√©sent ouvrage r√©pond aux deux premi√®res questions dans les deux parties qui le structurent. ¬´Dans quelle √©tag√®re¬ª cet ouvrage sur le soi devrait-il se percher ? Bien qu'il ne r√©ponde pas √† cette derni√®re question, il m√©rite toute sa place bien en vue dans la biblioth√®que de tout lecteur qui veut savoir comment, en l'√©tat des connaissances actuelles, la psychologie r√©pond aux deux premi√®res questions. Il aborde donc le th√®me du soi du point de vue de la psychologie scientifique, avec un accent marqu√© en psychologie sociale et psychologie de la motivation.",978-2706153044,https://m.media-amazon.com/images/I/61ED8KcjqyL._SY522_.jpg,PU GRENOBLE (6 octobre 2022),Alain QUIAMZADE
Autonomie dans le travail,8.23,"Les recherches pr√©sent√©es portent sur la (re)constitution du syst√®me social dans l'entreprise. Elles visent, dans des contextes automatis√©s (chimie, cimenterie, √©lectricit√©, presse), √† analyser d'une part la mani√®re dont ces ensembles humains s'organisent r√©ellement pour sortir la production et d'autre part le processus de cr√©ation de r√®gles effectives. On montre, dans une premi√®re partie, que les r√®gles impos√©es par l'encadrement ne se r√©duisent pas aux prescriptions, mais que, pour √™tre ob√©i, l'encadrement a recours √† un syst√®me d'obligations implicites. Face au d√©clin du prescriptif et √† l'√©mergence des obligations de production, le groupe d'ex√©cution produit des r√®gles non √©crites, ce qui t√©moigne de son autonomie : ces solutions d'organisation, objet de la deuxi√®me partie, sont √©labor√©es pour sortir la production ; n√©anmoins elles fondent le collectif de travail et l'aident √† √©laborer sa logique d'action commune, son projet. Enfin, dans une troisi√®me partie, on s'interroge sur la nouvelle √©tape de la rationalisation : celle-ci tente d'exploiter ce gisement d'efficacit√© par de nouvelles formes de codification du travail conduisant √† des mod√®les d'organisation non d√©terministes. Par une analyse minutieuse des pratiques r√©elles de travail, ces recherches tentent de cerner les r√©gulations sociales qui se d√©veloppent dans le travail, c'est-√†-dire les confrontations, les compromis ou les conflits qui jalonnent le face-√†-face entre un encadrement dont les r√®gles formelles ne suffisent plus pour obtenir la production, et un groupe d'ex√©cution de plus en plus sollicit√© pour apporter sa contribution active √† la continuit√© de la production. Au total, ce travail tente de renouveler la r√©flexion sociologique sur le probl√®me de la division du travail, en montrant que les pratiques de travail informelles ne constituent pas un r√©sidu, mais une zone cl√© de r√©gulations sociales o√π se combinent les r√®gles formelles et les r√®gles tacites, par une confrontation entre ex√©cutants et d√©cideurs. Dans ce contexte, l'autonomie et l'initiative apparaissent comme des conditions de l'efficacit√© des ensembles techniques, bref comme une caract√©ristique essentielle de toute r√©alit√© organisationnelle.",978-2130441168,https://m.media-amazon.com/images/I/41SPmmUDg6L.jpg,Presses Universitaires de France - PUF (1 janvier 1992),Gilbert de Terssac
ANIMER 25 JEUX autour des CARTES DES VALEURS: Cartes des valeurs incluses √† t√©l√©charger et √† imprimer | Tout public,7.07,"""Animer 25 jeux autour des cartes des valeurs"" est un guide indispensable pour tous ceux qui cherchent √† enrichir leurs ateliers, formations, ou moments familiaux avec des activit√©s profondes et engageantes. √Ä travers ce livre, vous d√©couvrirez une collection soigneusement √©labor√©e de 25 jeux, chacun con√ßu pour explorer, partager et r√©fl√©chir sur les valeurs qui nous guident dans la vie.

Que vous soyez animateur, formateur, √©ducateur, enseignant, parent, ou simplement int√©ress√© par le d√©veloppement personnel et collectif, ce livre vous offre les outils n√©cessaires pour cr√©er des moments de partage m√©morables. Les activit√©s propos√©es sont vari√©es, allant de l'exploration de la communication et de la coop√©ration, √† la stimulation de la cr√©ativit√© et de l'empathie, en passant par la promotion de la citoyennet√© et du vivre-ensemble.

Ce n'est pas tout : pour faciliter la mise en pratique de ces jeux, le livre inclut un acc√®s exclusif pour",979-8879729412,https://m.media-amazon.com/images/I/51NiwC-y4cL._SY522_.jpg,Independently published (15 f√©vrier 2024),Christophe BOUSQUET
Croyances et savoirs d'enseignants allemands et fran√ßais: (Re)penser l'interculturel √† l'√©cole,25.5,"L'ouvrage se place d√©lib√©r√©ment du c√¥t√© des enseignants. Des discours d'enseignants du primaire ont √©t√© recueillis par le biais de focus groups, organis√©s en Allemagne et en France. L'ouvrage t√©moigne des probl√®mes qui se posent aux professionnels quand ils s'engagent dans des projets interculturels avec les √©l√®ves. Il r√©v√®le √©galement les int√©r√™ts √©ducatifs que les praticiens voient dans une √©ducation interculturelle. Enfin, l'ouvrage montre comment trois grandes croyances des enseignants, individuelles ou partag√©es, donnent du sens √† leurs exp√©riences et √† leurs choix p√©dagogiques. Cet ouvrage s'adresse √† tous ceux qui veulent sortir d'une vision caricaturale et exotique de l'interculturel.",978-2343232423,https://m.media-amazon.com/images/I/81yXKKvYSuL._SY522_.jpg,Editions L'Harmattan (23 juillet 2021),Veronique Lemoine-Bresson
"Soins palliatifs, la vraie alternative √† l euthanasie: Personne ne doit mourir seul",17.0,"Une r√©flexion incontournable sur les soins palliatifs pour √©clairer les d√©bats actuels sur la fin de vie.

Parce qu'il a toujours √©t√© difficile de faire leur juste place aux mourants, ce livre retrace l'histoire des soins palliatifs, de leur r√©f√©rences √©thiques et religieuses. Il rappelle la m√©decine √† ses obligations d'origine et la science √† sa modestie au nom du formidable tr√©sor d'humanit√© qui se d√©voile dans l'accompagnement des mourants. Un livre essentiel pour que tous puissent prendre part √† la d√©fense et la promotion des soins palliatifs comme une des plus belles preuves de fraternit√©.

Jean-Fr√©d√©ric Poisson, tr√®s actif dans le d√©bat politique sur la fin de vie, titulaire d'un doctorat de philosophie sur la bio√©thique et d'un master en droit social, signe ici un essai clair et grand public pour comprendre et d√©couvrir le sens et la valeur des soins palliatifs pour notre soci√©t√©.",978-2728934096,https://m.media-amazon.com/images/I/71t3zMVMDzL._SY522_.jpg,MAME (22 f√©vrier 2023),Jean-Fr√©d√©ric Poisson
Construire la RSE: Perspectives th√©oriques et pratiques innovantes,18.0,"Que fait notre organisation pour r√©pondre aux enjeux soci√©taux ? Pourquoi et comment cr√©er des partenariats (entreprises-association-collectivit√©) pour initier des innovations environnementales, sociales et/ou territoriales ? Pourquoi et comment formaliser et s√©curiser juridiquement nos pratiques responsables ? Comment sommes-nous engag√©s dans notre organisation ? Pourquoi et comment insuffler une culture de management de l'erreur, prendre en compte la vuln√©rabilit√© des salari√©s et encourager leur engagement responsable ? Pourquoi notre organisation existe-t-elle ? Comment d√©finir et partager la raison d'√™tre de notre organisation ? Enrichir la r√©flexion strat√©gique et les actions concr√®tes en entreprise pour renforcer les d√©marches innovantes et responsables des PME et TPE, parfois moins bien outill√©es compte tenu de leur taille, tel est l'objectif de cet ouvrage.",978-2367179544,https://m.media-amazon.com/images/I/71q7uhMlDzL._SY522_.jpg,CHRONIQUE SOCIA (18 janvier 2024),Cartier virginie
Biomim√©tisme et strat√©gies d'entreprise: 9 principes pour r√©concilier l'entreprise et le vivant,25.0,,978-2374254531,https://m.media-amazon.com/images/I/01PkLIhTX3L.gif,RUE ECHIQUIER (30 ao√ªt 2024),Paul Boulanger
"Quand d√©clencher l'accouchement, c'est confisquer la maternit√© aux femmes: Une analyse psychosociologique du travail des femmes",8.81,"Sous pr√©texte de science m√©dicale, une √©tude en cours, French Arrive, venue des √âtats-Unis, veut d√©clencher l'accouchement, √† 39 semaines, toutes les femmes en bonne sant√©, enceintes de leur premier enfant. Cette m√©canisation du corps des femmes rel√®ve d'une id√©ologie patriarcale. Elle d√©shumanise la naissance et normalise la mise monde autant que le travail des soignants. Ce que d√©montrent les auteures du pr√©sent essai. Par la psychosociologie du travail, et l'approche interactionniste, elles valorisent la co-construction des soins, au service des femmes, de leurs ressources propres, dans le respect et le soutien de la construction de leur maternit√©.",978-2140296970,https://m.media-amazon.com/images/I/61aFydpk-0L._SY522_.jpg,Editions L'Harmattan; Bilingual √©dition (6 octobre 2022),Raymonde Gagnon
LOGIN MANAGER: Revenir au management authentique,7.93,"‚úî La bienveillance est pour vous une valeur ambig√ºe qu‚Äôon combine √† toutes les sauces ?
‚úî Vous pr√©f√©rez les mots de sinc√©rit√© et d‚Äôauthenticit√© que jouer un r√¥le ?
‚úî Vous pr√©f√©rez dire les choses que noyer le poisson ?
üëâ Quinze situations courantes de management sont illustr√©es dans LOGIN MANAGER avec des situations et anecdotes terrain pour agir en manager authentique.",979-8354861231,https://m.media-amazon.com/images/I/719TzIzgPML._SY522_.jpg,Independently published (29 septembre 2022),BERTRAND LASSERRE
Against the Gods: The Remarkable Story of Risk,17.95,"Der Bestseller zur Risikobewertung jetzt als Broschurausgabe. Das ganze Leben ist ein einziges Risiko. Menschen in allen Bereichen des Lebens - Politiker, Wissenschaftler, Gesch√§ftsleute, sogar Familien - m√ºssen regelm√§√üig Entscheidungen treffen, die in irgendeiner Form Risiken bergen. Die F√§higkeit, das Ausma√ü des Risikos solcher Entscheidungen zu bewerten und einzugrenzen geh√∂rt zu den Grundprinzipien der modernen Gesellschaft. 'Against the Gods' erz√§hlt die Abenteuer einer Gruppe k√ºhner Denker, die sich auf eine intellektuelle Entdeckungsreise begeben haben und den urzeitlichen Aberglauben verwandelt haben in leistungsstarke Methoden zur Risikokontrolle, wie sie heute Anwendung finden. Interessant und spannend geschrieben und ohne den sonst themabedingten technischen und mathematischen Ballast. (10/98)",978-0471295631,https://m.media-amazon.com/images/I/71MykJzsAaL._SY522_.jpg,John Wiley & Sons Inc (29 septembre 1998),Peter L. Bernstein
,5.22,,,,,
Sociologie des √©motions,11.57,"Approche novatrice en sociologie d'une dimension r√©serv√©e jusqu'ici √† la psychologie autour d'une probl√©matique tr√®s contemporaine: les √©motions.
Les √©motions, traditionnellement √©tudi√©es en psychologie, s‚Äôimposent progressivement dans la sociologie contemporaine.
Penser une grammaire sociologique de l‚Äô√©motion, c‚Äôest avant tout admettre que les √©motions traversent les exp√©riences sociales et qu‚Äôil existe une forme d‚Äôhistoricit√© de l‚Äô√©motion. Aujourd‚Äôhui, plus qu‚Äôhier encore, penser les √©motions s‚Äôav√®re relever d‚Äôun devoir th√©orique, √©pist√©mologique et m√©thodologique de la sociologie.
Ce livre rassemble les contributions de 12 sp√©cialistes qui font √©merger la question √©motionnelle dans la discipline sociologique et montrent comment les transformations sociales contemporaines affectent les acteurs sociaux, mais aussi le travail sociologique.",978-2807337855,https://m.media-amazon.com/images/I/41qKVL7vowL.jpg,DE BOECK SUP; 1er √©dition (21 juin 2022),Nathalie Burnay
"D√©veloppement du travail et des organisations: Changement technologique, leadership, et r√©gulation √©motionelle",15.5,"Cet ouvrage est consacr√© au d√©veloppement du travail et des organisations qui constitue un constant domaine de recherche et d'intervention pour la psychologie du travail. Si les changements √©conomiques et technologiques sont vecteurs de d√©veloppement, ils apportent aussi leur lot d'incertitudes. L'ouvrage analyse ces changements afin de contribuer √† ce qu'ils soient profitables aux personnes. Pour rendre compte des avanc√©es de la recherche en ce domaine, ce volume r√©unit deux ensembles de contributions. La premi√®re partie aborde la question du changement technologique.La seconde partie traite essentiellement de l'exercice du leadership. Elle se conclut sur le r√¥le de la r√©gulation √©motionnelle dans l'√©quilibre vie professionnelle-vie priv√©e.",978-2343236414,https://m.media-amazon.com/images/I/71QtuxSYBCL._SY522_.jpg,Editions L'Harmattan (19 octobre 2021),Patrick Gilbert
Introduction √† la sociologie √©conomique: Analyse critique des organisations et des march√©s,23.9,"Face au d√©fi √©cologique, ce livre offre une analyse approfondie et pratique des ph√©nom√®nes √©conomiques.

√Äl‚Äô√®re de l‚ÄôAnthropoc√®ne, ce manuel propose de r√©fl√©chir aux bases relationnelles des ph√©nom√®ne √©conomiques, c‚Äôest-√†-dire √† l‚Äôensemble des relations qui sous-tendent le fonctionnement concret des organisations et des march√©s.
Son originalit√© tient en quatre points :
‚Ä¢ Les auteurs d√©veloppent une analyse socio-√©conomique des organisations et des march√©s et d√©passent, de ce fait, la sp√©cialisation disciplinaire.
‚Ä¢ Ils en proposent une lecture plurielle, √† travers les quatre paradigmes suivants : utilitarisme et critique sociale, syst√®mes et structures, r√©gulations et conventions, savoirs et identit√©s.",978-2807345263,https://m.media-amazon.com/images/I/71xQKbdZADL._SY522_.jpg,DE BOECK SUP; 1er √©dition (11 octobre 2022),Thierry Amougou
Monde associatif et n√©olib√©ralisme,10.0,"La configuration n√©olib√©rale du capitalisme d√©truit-elle le mod√®le associatif ? Si la r√©ponse est plus complexe qu'il n'y para√Æt, force est de constater l'existence d'antagonismes structurels entre ces deux entit√©s. Depuis le xixe si√®cle en France, les associations sont par√©es de nombreuses vertus, politiques comme √©conomiques. Tocqueville les consid√®re comme des ¬´ √©coles de la d√©mocratie ¬ª. Actrice majeure de l'¬´ √©conomie sociale ¬ª, l'association incarne ainsi un autre mode de production et de consommation, √† rebours de celui que promeut l'√©conomie politique. Or, les associations sont tout √† la fois des organisations politiques, des entreprises produisant des services et des op√©rateurs de politiques publiques. C'est par la prise en compte de ces trois dimensions que l'on peut saisir toute la complexit√© du monde associatif contem-porain, les relations d'interd√©pendance qu'il √©tablit avec les institutions marchandes et les collectivit√©s publiques, ainsi que l'affaiblissement actuel du mod√®le historique sur lequel il s'est construit. Cet ouvrage dresse l'√©tat des lieux du monde associatif, √† l'heure des transformations de l'√©conomie engendr√©es par le n√©olib√©ralisme.",978-2130844365,https://m.media-amazon.com/images/I/51p-+ngiiFL._SY522_.jpg,PUF (15 novembre 2023),Matthieu H√©ly
Le management dans le secteur associatif: Les effets des nouvelles pratiques sur les syst√®mes de valeurs des b√©n√©voles,9.36,"Dans un contexte d'√©volution des modalit√©s de recrutement des b√©n√©voles, le secteur associatif se dote de nouveaux outils de gestion. Ceux-ci conduisent √† introduire la notion de ¬´ management du b√©n√©volat ¬ª. Cet ouvrage interroge ce qui se cache sous ce terme et les effets des nouvelles pratiques sur les syst√®mes de valeurs des b√©n√©voles. Il s'attache √† comprendre en profondeur les repr√©sentations, les perceptions et les v√©cus des acteurs du monde des associations b√©n√©voles √† travers les discours de cinq b√©n√©voles. Cette √©tude r√©v√®le √©galement une √©volution des modalit√©s d'engagement et les enseignements issus de la crise sanitaire. En effet, cette derni√®re a conduit, en situation exceptionnelle, √† initier des exp√©rimentations innovantes √† faire perdurer pour remobiliser les b√©n√©voles. Les r√©sultats font √©merger des constats et des pistes d'action √† explorer pour permettre au secteur associatif de s'adapter aux attentes des b√©n√©voles.",978-2140282881,https://m.media-amazon.com/images/I/619vJ-ce42L._SY522_.jpg,Editions L'Harmattan (4 octobre 2022),Marie Marsal
Impact des microagressions et de la discrimination raciale sur la sant√© mentale des personnes racis√©es: L'exemple de femmes noires en France,7.68,"Un grand nombre d'√©tudes am√©ricaines traite des cons√©quences du racisme sur la sant√© physique et mentale des personnes. Les effets du racisme sur la sant√© globale sont bien connus aux Etats-Unis ; maladies cardiovasculaires, ulc√®res, anxi√©t√©, d√©pression, hypertension, etc. Cet ouvrage m√®ne une recherche exploratoire sur l'impact des microagressions et de la discrimination raciale sur la sant√© mentale aupr√®s de cinq femmes noires ayant grandi et habit√© en France. Il s'appuie sur le concept de trauma racial, et sur le syndrome d'invisibilit√© √©tudi√© chez les hommes afro-am√©ricains. Les r√©sultats de cette recherche montrent une grande fr√©quence de microagressions racistes dans la vie quotidienne, ce qui suscite diff√©rentes √©motions n√©gatives et concourt √† une fragilisation de l'estime de soi, le tout pouvant d√©boucher sur des troubles manifestes. C'est pourquoi, il est important de consid√©rer les microagressions √† caract√®re racial dans le suivi psychologique de personnes noires et racis√©es en g√©n√©ral, et de d√©velopper une clinique adapt√©e aux probl√©matiques engendr√©es par le racisme.",978-2343253053,https://m.media-amazon.com/images/I/71JPIbeSE+L._SY522_.jpg,Editions L'Harmattan (16 mai 2022),Yaotcha D'Almeida
Beyond the Craft,27.46,"Beyond the Craft has been one of Lewis Masonic's best-selling titles since it was first published in 1980. Since then author Keith Jackson has updated the book through five editions, most recently in 2005 but there is now scope for a major revision of this book to bring in all the newly founded orders that have not been included up to now and to reflect the expansion in membership of many of these orders in recent years. To accommodate this extra material the book will be produced in a slightly larger paperback format. This fully revised edition, fully illustrated in colour will be an indispensible guide to Masonic Orders practised in the UK, giving invaluable in-depth information about the history of each Order, as well as detailing the joing qualifications, hierarchy, important rituals, teachings, regalia and much more. The book is recognised as one of the most relevant books a Freemason can acquire and the updates will allow it to continue to keep its position as an indispensible guide for all those Freemasons wishing to explore other degrees within the Masonic structure",978-0853184058,https://m.media-amazon.com/images/I/71FM3CqoLVL._SY522_.jpg,Lewis Masonic Pub Ltd; 6e √©dition (18 d√©cembre 2012),Keith B. Jackson
√Ä la recherche de la d√©cision: √âtudes de cas en sciences sociales,9.63,"M√©decins, DRH, juges, dirigeants d‚Äôentreprises, pr√©fets (hommes et femmes) pr√©sentent souvent leur activit√© autour de la prise de d√©cision. Une d√©cision jug√©e solitaire, voire douloureuse, ce que confirment certains travaux en vogue inspir√©s par la psychologie. √Ä partir d‚Äô√©tudes de cas, dans des organisations vari√©es (h√¥pitaux, entreprises, administrations), le livre questionne cette conception dominante et propose une lecture nourrie des m√©thodes des sciences sociales. Les diff√©rentes contributions mettent l‚Äôaccent sur le caract√®re collectif des d√©cisions, l‚Äôimportance de l‚Äôentourage et des instances o√π les d√©cisions se prennent. Elles montrent aussi que le processus d√©cisionnel est complexe et souvent insaisissable.",978-2757440926,https://m.media-amazon.com/images/I/91yQevdz+JL._SY522_.jpg,PU SEPTENTRION (7 mars 2024),Patrick Castel
COACHING Magazine n¬∞22 - Coaching d'organisation (partie 1): Coaching d'organisation dans les environnements complexes et interculturels,19.76,"‚ùáÔ∏è Apr√®s plus de 20 num√©ros de COACHING, nous sommes ravis de vous faire d√©couvrir un pan essentiel du coaching et pourtant non abord√© en profondeur jusque-l√† : je veux parler du coaching d‚Äôorganisation.
Il a cette particularit√© de permettre √† nos accompagnements d‚Äôimpacter √† (tr√®s) grande √©chelle le monde professionnel.

‚ùáÔ∏è Dire que toutes les organisations sont confront√©es √† des enjeux de plus en plus exigeants, dans un environnement complexe et incertain est un doux euph√©misme. Pour les entreprises internationales, s‚Äôajoute l‚Äôaspect multiculturel qui en fait la richesse et complexifie dans le m√™me temps la probl√©matique.

‚ùáÔ∏è C‚Äôest sous cet angle que nous aborderons la premi√®re partie du coaching d‚Äôorganisation au sein de COACHING : la complexit√© et le multiculturel. Il y avait tant √† dire qu‚Äôun deuxi√®me num√©ro compl√©tera cette th√©matique du coaching d‚Äôorganisation avec des axes compl√©mentaires.

‚ùáÔ∏è Ce mois-ci, pour nous en parler, nous avons la chance et l‚Äôhonneur d‚Äôavoir la contribution",979-8859426911,https://m.media-amazon.com/images/I/61rfcCJ9k9L._SY522_.jpg,Independently published (28 ao√ªt 2023),J√©r√©my RENARD
COACHING Magazine n¬∞23 - Coaching d'organisation: Partie 2 - coaching d'organisation,19.89,"Quand nous avons d√©cid√© d‚Äôaborder le coaching d‚Äôorganisation, nous nous sommes tr√®s vite rendus compte qu‚Äôun seul num√©ro de COACHING ne suffirait pas tant cette branche du coaching ouvre de nombreuses pratiques pour les coachs et de possibilit√©s pour les entreprises. Nous consacrons donc une deuxi√®me partie ce mois-ci sans pr√©tendre √† l‚Äôexhaustivit√© pour autant. C‚Äôest avec deux nouveaux points de vue que nous adresserons le sujet dans le pr√©sent num√©ro : l‚Äôaccompagnement du changement en mode projet et en situation de crise.

Il est int√©ressant de constater que tous les articles que vous lirez sont r√©dig√©s en partant de situations r√©elles, v√©cues par des coachs professionnels. Ces derniers nous livrant, de plus, des cl√©s particuli√®rement concr√®tes que les coachs pourront exploiter dans leur accompagnement. Les Dirigeants, DRHs et managers pourront de leur c√¥t√© mettre √† profit ces apports pour leur organisation pour initier la d√©marche en interne, identifier et clarifier les √©l√©ments indispensables pour relever leurs d√©fis.

C‚Äôest lors d‚Äôun √©v√©nement organis√© par le r√©seau TRESSER, auquel j‚Äôai eu l‚Äôopportunit√© d‚Äôassister, que ces sujets ont √©t√© illustr√©s par Jean-Charles CASTELLANO, Pascal DAGO, et Astrid BENOIT-DELANOUE. Ce que nous partageons ici en substance et compl√©tons par un article d‚ÄôAnne-G√©raldine LAVIELLE. Un grand merci √† eux quatre pour leur contribution g√©n√©reuse et un apport exceptionnel du fait d‚Äôune double exp√©rience unique et qui se compte en d√©cennies √† chaque fois. Je suis donc convaincu que leurs enseignements vous seront pr√©cieux.",979-8862387131,https://m.media-amazon.com/images/I/61IcdZQjWFL._SY522_.jpg,Independently published (24 septembre 2023),J√©r√©my RENARD
