Nom,Prix,Description,Isbn,Photo,Editeur,Auteur,Categorie
The History of EC Comics,11.51,"En 1947, Bill Gaines hérite d’EC Comics, une nouvelle entreprise fondée par son père, le légendaire M. C. Gaines. Ce dernier a donné naissance aux comic books tels que nous les connaissons aujourd’hui, alors qu’il oeuvrait à All-American Comics, offrant au monde des personnages comme Wonder Woman et Green Lantern. Au cours des huit années suivantes, avec le gratin de l’époque, dont Al Feldstein, Harvey Kurtzman et Wally Wood, ils vont réinventer le concept même de comic book à travers des titres comme Tales from the Crypt, Crime SuspensStories, Weird Science et MAD.

EC a une prédilection pour les comics d&#39horreur, policiers, sanglants et morbides à la conclusion ironique et cinglante, mais la maison est aussi la première à publier des comics de guerre réalistes",978-3836549769,https://m.media-amazon.com/images/I/91-oGEZETNL._SY522_.jpg,EVERGREEN; Illustrated édition (7 août 2020),Grant Geissman,Science-Fiction
Mortelle Adèle et les Reliques du Chat-Lune - Les Grandes Aventures - Tome 04,7.44,"La nouvelle Grande Aventure de Mortelle Adèle !

Connais-tu le Chat-Lune ?
Cette divinité aux dons incroyables a la capacité de conférer de puissants pouvoirs aux félins qui se présentent à elle. Mais pour avoir cette chance, il faut d&#39abord réunir les trois légendaires reliques que
le Chat-Lune a cachées aux quatre coins du monde...

Et ça tombe bien ! Car Mortelle Adèle est prête à relever le défi, l&#39occasion rêvée de réussir à enfin transformer Ajax !

Alors qu&#39un étrange ennemi se lance lui aussi à la recherche des reliques, Mortelle Adèle, aidée par Charlie et Magnus, va devoir redoubler d&#39ingéniosité pour venir à bout des énigmes et des obstacles qui la séparent de l&#39apparition du Chat-Lune ! Alors accroche ta ceinture et lance-toi avec elle dans ce tour du monde périlleux et plein de rebondissements qui te conduira aux confins de la Bizarrerie !",978-2494678101,https://m.media-amazon.com/images/I/71UvoCI9jEL._SY522_.jpg,Mr Tan & Co; Illustrated édition (2 novembre 2023),Mr Tan,Science-Fiction
Arctica T13: La Planète des cyborgs,14.95,"L&#39humanité est au bord de l&#39extinction, laissant un monde dominé par les androïdes. Dakota, Lulha, Mismy et Kambo, les derniers humains, sont prisonniers sur une île. Dakota est capturé par des militaires qui ont prévu de l&#39éliminer mais il est secouru par des androïdes vivant en marge de la société. Cependant, des policiers le traquent, retrouvent sa trace et le conduisent dans une base secrète...",978-2413080008,https://m.media-amazon.com/images/I/81EAhyT-uEL._SY522_.jpg,Delcourt (22 mai 2024),Bojan Kovacevic,Science-Fiction
"Avatar, le dernier maître de l&#39air Tome 2 - La recherche",8.42,"Zuko est déterminé à lever le voile sur les secrets qui empoisonnent sa famille. Il propose donc à sa sœur Azula de lui rendre la liberté si, en contrepartie, celle-ci accepte de l’aider à faire toute la lumière sur le mystère de la disparition d’Ursa, leur mère. Pour mener à bien cette quête il va bien évidemment faire appel à ses fidèles amis, Aang, Sokka et Katara.",978-2017168645,https://m.media-amazon.com/images/I/81jvUIgZF4L._SY522_.jpg,Hachette Comics; Illustrated édition (17 août 2022),Nickelodeon,Science-Fiction
Métal Hurlant Hors Série : Les Chats: La dixième vie du chat,13.5,"Les chats, ces créatures gracieuses et mystérieuses, sont omniprésents dans notre vie quotidienne. Leur présence, bien que familière, cache un mystère profond. Qui a vraiment choisi qui ? Leur indépendance et leur présence insaisissable nous font nous interroger sur leur véritable nature. Sont-ils simplement des animaux de compagnie ou y a-t-il autre chose… ?",978-2731689761,https://m.media-amazon.com/images/I/81ZZNEuWPOL._SY522_.jpg,Les Humanoïdes Associés (24 avril 2024),COLLECTIF,Science-Fiction
Marshal Bass T11: Putain de fric,15.5,"Les ingrédients du western selon Kordey et Macan ? Des scènes ébouriffantes pour la démesure graphique, des personnages sans foi ni loi et des dilemmes cornéliens pour marquer l&#39histoire. Le western le plus tarantinesque a pour nom Marshal Bass.",978-2413082941,https://m.media-amazon.com/images/I/71G8MAv5RWL._SY522_.jpg,Delcourt (29 mai 2024),Igor Kordey,Science-Fiction
"Capitaine Flam - L&#39Empereur Eternel / Edition spéciale, Collector",33.0,"Le Capitaine Flam, l&#39androïde Mala, le robot Crag et le professeur Simon accompagnés de l&#39agent spéciale Johann Landore, entament une course contre la montre. Sur la planète Dénef, une terrible épidémie fait des ravages dans la population. Il faut trouver le remède qui stoppera les effroyables mutations. Pour toute piste, quelques mots prononcés par un agent contaminé : ""L&#39Empereur Éternel, rétrogradation de l&#39espèce"". Le Capitaine Flam et ses compagnons parviendront-ils a? revenir sains et saufs de cette mission ? Devant aller au-delà? de ses limites pour faire face au mystérieux Empereur Eternel, Flam, hante? par son passe?, risque d&#39y perdre son a?me.",978-2505129431,https://m.media-amazon.com/images/I/01PkLIhTX3L.gif,KANA (27 septembre 2024),Runberg Sylvain,Science-Fiction
L&#39Histoire secrète T37: Atlantide,15.5,"1950. Dans un petit musée de Stalingrad, un artefact étrange, longtemps convoité par les Nazis, reprend vie. Au même moment, Reka explore les ruines de l&#39Atlantide et trouve trois crânes de cristal. La guerre avec les Brillants prend un nouveau tournant et les Archontes disposent désormais d&#39armes pouvant les détruire. C&#39était la raison du retour sur Terre de Thot. L&#39ultime combat va commencer.",978-2413042839,https://m.media-amazon.com/images/I/71eI1o2KDgL._SY522_.jpg,Delcourt (29 mai 2024),Igor Kordey,Science-Fiction
Sillage T23: Immersion,17.56,"Nävis est en mission au-delà le mur de la désolation derrière lequel Sillage n&#39a aucun pouvoir et où ses agents ne sont pas les bienvenus. Si elle y est démasquée, elle peut s&#39attendre au pire. Le voyage tourne court et, pour s&#39en sortir, elle doit s&#39associer avec une passagère à la triste réputation. Mais Nävis n&#39a que faire de ces rumeurs car elle juge les gens pour ce qu&#39ils sont.",978-2413081517,https://m.media-amazon.com/images/I/71GNNJQp1ML._SY522_.jpg,Delcourt; Illustrated édition (24 janvier 2024),Philippe Buchet,Science-Fiction
Le problème à trois corps - Tome 1: Les Frontières de la science,18.24,"Une vague de suicides inexpliqués frappe les physiciens proches des Frontières de la science, une société mystérieuse aux desseins inconnus.
Le professeur Wang Miao est chargé par les autorités d’infiltrer ce groupe. Mais d’inquiétants phénomènes ne tardent pas à se manifester.
Pour les comprendre, il va lui falloir entrer dans le jeu des Trois Corps...

L’adaptation graphique du célèbre best-seller mondial aux millions de lecteurs, Le Problème à trois corps, de Liu Cixin, supervisée par l’auteur lui-même.",978-2017885580,https://m.media-amazon.com/images/I/81RyJDqn1XL._SY522_.jpg,Hachette Heroes; Illustrated édition (20 mars 2024),Liu Cixin,Science-Fiction
Aquablue T18: Stromboli Reloaded,14.16,"Impuissants face à un Rabah amorphe, privé de ses capacités cognitives depuis le précédent cycle, Nao et Carlo repartent découragés. Ils sont alors capturés par le pirate Ragnar qui leur propose un deal. Si Nao l&#39autorise à installer une base secrète sur Aquablue, le forban mettra à leur disposition le très controversé professeur Zenfeld, seul capable de ramener leur ami à la pleine conscience...",978-2413043775,https://m.media-amazon.com/images/I/81dLwvr0FcL._SY522_.jpg,Delcourt; Illustrated édition (17 avril 2024),Stéphane Louis,Science-Fiction
"Avatar, le dernier maître de l&#39air Tome 4 - Fumée et ombre",11.51,"Zuko et Mai se plongent dans l’histoire de la Nation du Feu pour percer un jour le mystère d’un conte pour enfants devenu réalité : « Les Kemurikage » !

Peu après son retour chez lui, suite aux événements qui se sont déroulés dans l’album précédemment publié et intitulé La Recherche, le seigneur du Feu Zuko découvre qu’une organisation rebelle se faisant appeler la confrérie des la Nouvelle Ozai a, lentement mais sûrement, gagné du terrain parmi les citoyens de la Nation du Feu. Ses objectifs ? Assassiner Zuko et remettre Ozai sur le trône, avant que le pays ne sombre dans la déchéance ! L’apparition des Kemurikage, personnages de légende dont l’histoire raconte qu’ils enlèvent des enfants à travers toute la Nation du Feu, prouve bien que la Nation est en péril. Alors que la peur s’installe dans la capitale, Zuko, Mai et leurs familles se retrouvent mêlés à un dangereux complot mené par un mystérieux inconnu.",978-2017168799,https://m.media-amazon.com/images/I/81sQMfqcyAL._SY522_.jpg,Hachette Comics; Illustrated édition (15 février 2023),Nickelodeon,Science-Fiction
Invincible - Intégrale T01,29.95,"Mark Grayson est un lycéen normal, avec un job à temps partiel normal. Dans sa banlieue américaine banale, rien d&#39exceptionnel n&#39arrive jamais jusqu&#39à ce qu&#39il fasse usage de ses nouveaux... super-pouvoirs ? ! Le temps des révélations s&#39ouvre alors pour lui ! Il découvre que son père, Nolan, est le surpuissant super-héros Omni-Man, un extra-terrestre de la race des Vitrumites. Il va devoir être digne de cet héritage inattendu et assumer ses nouvelles responsabilités...",978-2413036906,https://m.media-amazon.com/images/I/81BY5d2pfFL._SY522_.jpg,Delcourt; Illustrated édition (1 juillet 2020),Robert Kirkman,Science-Fiction
Scotland - Épisode 3,13.0,"Revenue sur les terres écossaises, Kathy découvre que la maison léguée par une tante a été incendiée. Elle essaie de comprendre l&#39origine de cet incendie et comprend peu à peu que cet événement serait lié à d&#39autres faits étranges qui se produisent dans la région, certains pouvant avoir une origine extra-terrestre. Alerté, le MI6 lui demande alors d&#39enquêter sur la présence d&#39espions russes présents sur ce territoire perdu... Dans le même temps Kathy est confrontée à des souvenirs personnels sur ce territoire perdu où elle a vécu....",978-2205208405,https://m.media-amazon.com/images/I/91sXDIwf+OL._SY522_.jpg,DARGAUD; Illustrated édition (26 janvier 2024),Leo,Science-Fiction
Invincible - Intégrale T08,29.95,"Au lendemain de la guerre contre les Viltrumites, certains amis deviennent des ennemis et d&#39anciens ennemis deviennent des alliés. Cependant, le rôle de Mark Grayson en tant qu&#39Invincible risque bien de prendre fin ici !",978-2413045557,https://m.media-amazon.com/images/I/810ooc4M5KL._SY522_.jpg,Delcourt; Illustrated édition (23 novembre 2022),Ryan Ottley,Science-Fiction
Frontier,23.9,"Quand la Terre suffoque de par l&#39exploitation de ses dernières ressources, l&#39humanité se tourne vers un nouveau territoire, l&#39espace, au-delà des planètes du système solaire : « La Frontière ». Dans cette nouvelle ruée vers l&#39or, trois destinées s&#39entremêlent : Ji-soo, scientifique passionnée par l&#39inconnu ; Camina, mercenaire fougueuse et enjouée ; et Alex, un mineur qui n&#39a jamais connu la Terre. Ce récit d&#39aventure narre le parcours tumultueux de ce trio, mais aussi de leur quotidien, celui de vivre dans un nouveau monde. Il pose la question d&#39une nouvelle humanité complètement déconnectée de son berceau, la Terre, pour se tourner uniquement vers les étoiles.",978-2810203161,https://m.media-amazon.com/images/I/71OpdkxxqzL._SY522_.jpg,RUE DE SEVRES; Illustrated édition (12 avril 2023),Guillaume Singelin,Science-Fiction
Invincible - Intégrale T03,18.39,"Ce 3e recueil reprend les albums 5 & 6 de la série classique. Mark Grayson y poursuit son expérience en tant que super-héros. Retrouvez Invincible opposé au méchant Angstrom Levy, ses retrouvailles avec son père séparé et la bataille sanglante avec les Viltrumites.",978-2413036920,https://m.media-amazon.com/images/I/81JehMf8OfL._SY522_.jpg,Delcourt; Illustrated édition (5 mai 2021),Robert Kirkman,Science-Fiction
The History of EC Comics,14.64,"En 1947, Bill Gaines hérite d’EC Comics, une nouvelle entreprise fondée par son père, le légendaire M. C. Gaines. Ce dernier a donné naissance aux comic books tels que nous les connaissons aujourd’hui, alors qu’il oeuvrait à All-American Comics, offrant au monde des personnages comme Wonder Woman et Green Lantern. Au cours des huit années suivantes, avec le gratin de l’époque, dont Al Feldstein, Harvey Kurtzman et Wally Wood, ils vont réinventer le concept même de comic book à travers des titres comme Tales from the Crypt, Crime SuspensStories, Weird Science et MAD.

EC a une prédilection pour les comics d&#39horreur, policiers, sanglants et morbides à la conclusion ironique et cinglante, mais la maison est aussi la première à publier des comics de guerre réalistes",978-3836549769,https://m.media-amazon.com/images/I/91-oGEZETNL._SY522_.jpg,EVERGREEN; Illustrated édition (7 août 2020),Grant Geissman,Science-Fiction
Namibia - Tome 0 - Namibia - Intégrale complète,10.04,"Voici enfin l&#39édition intégrale qui rassemble les 5 épisodes de ""Namibia"". Attention : tirage limité !",978-2205077704,https://m.media-amazon.com/images/I/81tNffE4ewL._SY522_.jpg,DARGAUD; Illustrated édition (23 février 2018),Leo,Science-Fiction
Invincible - Intégrale T04,29.95,"De super-héros débutant, Invincible devient un super-héros établi ! Ce volume rassemble la violente bataille d&#39Invincible avec les Reanimen, la tentative d&#39invasion des créatures venues de Mars et l&#39introduction de l&#39agent Viltrumite, Anissa.",978-2413041924,https://m.media-amazon.com/images/I/81TgpUZ4-tL._SY522_.jpg,Delcourt; Illustrated édition (22 septembre 2021),Robert Kirkman,Science-Fiction
Goldorak,24.9,"La guerre entre les forces de Véga et Goldorak est un lointain souvenir. Actarus et sa soeur sont repartis sur Euphor tandis qu&#39Alcor et Vénusia tentent de mener une vie normale. Mais, des confins de l&#39espace, surgit le plus puissant des golgoths : l&#39Hydragon. Alors que le monstre de l&#39ultime Division Ruine écrase les armées terriennes, les exigences des derniers représentants de Véga sidèrent la planète : sous peine d&#39annihilation totale, tous les habitants du Japon ont sept jours pour quitter leur pays et laisser les envahisseurs coloniser l&#39archipel. Face à cet ultimatum, il ne reste qu&#39un dernier espoir... Goldorak.",978-2505078463,https://m.media-amazon.com/images/I/81HCibtdT4L._SY522_.jpg,KANA; Illustrated édition (15 octobre 2021),Dorison Xavier,Science-Fiction
Outlaws - Tome 2 - Les Rivages de Midaluss,15.5,"Espace confédéré. Année 2779. Kristina, jeune clandestine humaine obligée de travailler pour les passeurs galactiques qui l&#39ont fait voyager illégalement, va devoir apprendre à survivre sur une planète inconnue. Et à se faire sa place.

Planète Drenn. Midaluss, immense cité balnéaire où quartiers riches et bidonvilles aliens coexistent, non sans difficultés. La violence peut éclater à chaque instant, sans prévenir. C&#39est là que Kristina et son nouveau compagnon de route, Zachary, ont décidé de se lancer dans une carrière de voleurs de véhicules de luxe.

Mais alors qu&#39ils doivent faire face à une compétition féroce avec d&#39autres gangs, les événements de Kessmo, lié au Clan des Cimes, ne vont pas tarder à les rattraper. Et le sang, alien comme humain, risque de couler à nouveau.",979-1034767120,https://m.media-amazon.com/images/I/71uLLGM7LoL._SY522_.jpg,DUPUIS; Illustrated édition (24 mai 2024),Runberg Sylvain,Science-Fiction
L INCAL INTEGRALE,74.99,"Les tribulations du minable détective John Difool, lancé à la recherche du précieux et convoité Incal. Le chef d&#39oeuvre de Moebius et Jodorowsky. Une oeuvre violente, drôle, sexy, philosophique sublimée par le graphisme renversant de Moebius. Dans un futur lointain, une autre galaxie ou un autre espace temps, l&#39Incal et l&#39immense pouvoir qu&#39il confère exacerbent toutes les convoitises. John Difool, minable détective de classe R adepte d&#39homéoputes et de bon ouisky se retrouve embarqué malgré lui dans cette course à l&#39Incal. Il aura affaire à des mouettes qui parlent, des extraterrestres idiots, un empire dictatorial ultra violent, des rats de 15 mètres commandés par une déesse nue, une bataille mémorable dans une fourmilière, une secte adepte des trous noirs, et enfin une bataille intersidérale entre le bien et le mal.",978-2731674040,https://m.media-amazon.com/images/I/71-nbtv8SNL._SY522_.jpg,Les Humanoïdes Associés; Illustrated édition (12 juin 2019),Alejandro Jodorowsky,Science-Fiction
Invincible - Intégrale T05,16.95,"Après avoir pris la suite de son père comme agent infiltré chez les humains, Invincible doit faire face au flot de questions posées par Allen, l&#39alien revenu spécifiquement pour lui soutirer des informations. Les Viltrumites débarquent également sur Terre pour constater ses progrès...",978-2413045526,https://m.media-amazon.com/images/I/813a0Q-R9xL._SY522_.jpg,Delcourt; Illustrated édition (16 février 2022),Robert Kirkman,Science-Fiction
Métal Hurlant N°10: La mécanique du grain de sable,19.95,"Tout commence un matin, dans la normalité rassurante de notre quotidien. Comme venue de nulle-part, une anomalie surgit soudain. Elle semble anodine et sans la moindre importance, mais elle va faire basculer notre existence dans une autre réalité, nous plongeant parfois dans le fantastique, parfois dans la science-fiction ou même quelquefois dans l&#39horreur. Plus rien de ce qui nous entoure n’aura encore la même signification.",978-2731654707,https://m.media-amazon.com/images/I/81EKn6cWPgL._SY522_.jpg,Les Humanoïdes Associés (21 février 2024),Eliot,Science-Fiction
Invincible - Intégrale T02,11.2,"Après avoir découvert que son père s&#39avère être le super-héros Omni-Man, Mark se retrouve à ramasser les morceaux de sa vie. Plus rien ne sera pareil, ni pour lui, ni sa famille, sans compter ses amis. Il va devoir lutter pour devenir un homme, pour s&#39en sortir seul et vivre sa propre vie. Personne ne lui avait dit que devenir un super-héros serait aussi difficile.",978-2413036913,https://m.media-amazon.com/images/I/81wK9XJmDiL._SY522_.jpg,Delcourt; Illustrated édition (13 janvier 2021),Robert Kirkman,Science-Fiction
Invincible - Intégrale T06,13.76,"La guerre mettant en scène TOUS les Invincibles, déclenchée par Angstrom Levy ! La bataille épique avec Conquest ! La dernière étape de la guerre de Viltrumite ! L&#39invasion des calmars sur Terre ! Tout cela figure dans ce 6e volume qui est probablement le plus explosif et le plus bourré d&#39action à ce jour !! Et c&#39en est presque trop difficile à gérer pour un seul super-héros !!",978-2413045533,https://m.media-amazon.com/images/I/81KP35n9FjL._SY522_.jpg,Delcourt; Illustrated édition (27 avril 2022),Ryan Ottley,Science-Fiction
Ballad of Sword and Wine: Qiang Jin Jiu (Novel) Vol. 1,19.0,"The fan-favorite danmei/Boys’ Love novel series originally released in Chinese!

In this historical tale of war and political intrigue, an intense relationship burns between the son of an infamous traitor and the vengeful nobleman who despises him...at first.

Shen Zechuan is the eighth son of the traitorous Prince of Jianxing, a man who doomed his cities and people to destruction at the hands of the foreign enemy. As the only surviving member of his reviled line, Shen Zechuan is dragged to the capital in chains. He bears the hatred of the nation, but no one&#39s hate burns hotter than that of Xiao Chiye, the youngest son of the powerful Prince of Libei.

Xiao Chiye would love nothing more than to see Shen Zechuan dead--but against all odds, he clings to life. Rather than succumb to his family&#39s disgrace, he becomes a thorn in Xiao Chiye&#39s side, clawing his way into the cutthroat political world of the capital. Yet as these two bitter enemies beat against the bonds of their fate, they find themselves kindred spirits, unlikely allies...and perhaps something more.

This Chinese historical fiction tale built around the desire between two men (danmei) has attracted fans from around the world and inspired a comic and an audio drama. The Seven Seas English-language edition includes exclusive new covers and interior illustrations.",979-8888432587,https://m.media-amazon.com/images/I/81BXiltgvsL._SY522_.jpg,Seven Seas (4 juin 2024),Tang Jiu Qing,Science-Fiction
Transperceneige: Intégrale,25.0,"Un jour, la bombe a fini par éclater. Et toute la Terre s&#39est brutalement retrouvée plongée dans un éternel hiver gelé, hostile à toute forme de vie. Toute ? Pas tout à fait. Miraculeusement, une toute petite portion d&#39humanité a trouvé refuge in extremis dans un train révolutionnaire, le Transperceneige, mu par une fantastique machine à mouvement perpétuel que les miraculés de la catastrophe ont vite surnommé Sainte Loco. Mais à bord du convoi, désormais dépositaire de l&#39ultime échantillon de l&#39espèce humaine sur cette planète morte, il a vite fallu apprendre à survivre. Et les hommes, comme de bien entendu, n&#39ont rien eu de plus pressé que d&#39y reproduire les bons vieux mécanismes de la stratification sociale, de l&#39oppression politique et du mensonge religieux... Bande dessinée majeure des années 80 créée par Jean-Marc Rochette et Jacques Lob, reprise à la fin des années 90 pour deux volumes supplémentaires par Benjamin Legrand après le décès de son scénariste, la trilogie du Transperceneige reparait en un volume unique à l&#39occasion de son adaptation au cinéma (Snowpiercer) par le plus célèbre des cinéastes coréens, Bong Joon-ho. La redécouverte de l&#39une des meilleures sagas de science-fiction qu&#39ait produite la bande dessinée française : trente ans après sa création, Le Transperceneige n&#39a rien perdu de sa puissance et de sa singulière modernité.",978-2203088054,https://m.media-amazon.com/images/I/714I+5i0-8L._SY522_.jpg,CASTERMAN (26 mars 2014),BENJAMIN LEGRAND / JACQUES LOB / JEAN-MARC ROCHETTE,Science-Fiction
The Husky and His White Cat Shizun: Erha He Ta De Bai Mao Shizun (Novel) Vol. 5,14.91,"WHERE THERE’S SMOKE

As the day of Nangong Si and Song Qiutong’s wedding draws near, a scandalous rumor circulates among the guests at Rufeng Sect. The gossip implicates not only the bride and groom, but also Nangong Si’s childhood companion and Song Qiutong’s savior: the young hero, Ye Wangxi.

When the wedding festivities are interrupted by a mysterious man claiming to know even more explosive secrets, Mo Ran and Chu Wanning are thrown together in the ensuing chaos. But the more time he spends at Chu Wanning’s side, the more torturous it is for Mo Ran to suppress his feelings of fierce attraction and deep tenderness. Could love finally tame the beast that was the cruel tyrant Taxian-jun?",978-1685795061,https://m.media-amazon.com/images/I/91Bh+OG+r6L._SY522_.jpg,Seven Seas; 1er édition (23 avril 2024),Rou Bao Bu Chi Rou,Science-Fiction
Invincible - Intégrale T10,18.95,"Tout change lorsqu&#39Invincible découvre qu&#39il a été trahi par l&#39un de ses amis ! Mark Grayson va entamer une toute nouvelle phase de sa vie, et plus rien ne sera jamais comme avant...",978-2413048671,https://m.media-amazon.com/images/I/81pJy-ke9FL._SY522_.jpg,Delcourt; Illustrated édition (16 août 2023),Ryan Ottley,Science-Fiction
Utopie T02,13.5,"Will est devenu délinquant, déviant, hors la loi. Arreté par la police d&#39Andy Et Carla, il s&#39évade. Son rêve : rejoindre un monde libre ou il ferait bon vivre. Mais celui-ci existe-t-il ?",978-2413079040,https://m.media-amazon.com/images/I/810RoM1vwsL._SY522_.jpg,Delcourt; Illustrated édition (27 mars 2024),Griffo,Science-Fiction
Invincible - Intégrale T07,16.25,"Ce volume de l&#39Intégrale réédite la saga de la guerre contre les Viltrumites, ainsi que ses conséquences sur Terre, suite aux décisions de Mark au cours de cette bataille épique et historique.",978-2413045540,https://m.media-amazon.com/images/I/818+dgo5WKL._SY522_.jpg,Delcourt; Illustrated édition (31 août 2022),Robert Kirkman,Science-Fiction
Wunderwaffen T23: Nouveaux prédateurs,14.95,"La reprise de la guerre en Europe, avec le retour en force du Front de l&#39Est se rapproche. Une nouvelle génération d&#39avions spéciaux se dessine dans les deux camps alors que Murnau et Rudel se retrouvent, chacun de leur côté, face à des défis imprévus à relever. Surtout que la technologie issue de l&#39Expérience Philadelphie américaine capturée au Spitzberg ressemble bien à un cheval fou à dompter...",978-2302099326,https://m.media-amazon.com/images/I/81Gheli9mCL._SY522_.jpg,Soleil; Illustrated édition (12 juin 2024),Maza,Science-Fiction
The History of EC Comics,11.07,"En 1947, Bill Gaines hérite d’EC Comics, une nouvelle entreprise fondée par son père, le légendaire M. C. Gaines. Ce dernier a donné naissance aux comic books tels que nous les connaissons aujourd’hui, alors qu’il oeuvrait à All-American Comics, offrant au monde des personnages comme Wonder Woman et Green Lantern. Au cours des huit années suivantes, avec le gratin de l’époque, dont Al Feldstein, Harvey Kurtzman et Wally Wood, ils vont réinventer le concept même de comic book à travers des titres comme Tales from the Crypt, Crime SuspensStories, Weird Science et MAD.

EC a une prédilection pour les comics d&#39horreur, policiers, sanglants et morbides à la conclusion ironique et cinglante, mais la maison est aussi la première à publier des comics de guerre réalistes",978-3836549769,https://m.media-amazon.com/images/I/91-oGEZETNL._SY522_.jpg,EVERGREEN; Illustrated édition (7 août 2020),Grant Geissman,Science-Fiction
La Horde du contrevent T01: Le cosmos est mon campement,16.95,"Le plus grand roman contemporain de science-fiction enfin adapté en bande dessinée. Avec ce premier volume, éric Henninot nous propose une adaptation magistrale du livre-univers d&#39Alain Damasio.Après une formation impitoyable, et alors qu&#39ils étaient encore enfants, ils ont quitté Aberlaas, la cité des confins. Leur mission : marcher d&#39ouest en est jusqu&#39à atteindre l&#39Extrême-Amont, source mythique du vent qui balaye leur monde jour et nuit, sans trêve ni répit. Ils sont la 34e Horde du Contrevent. Golgoth ouvre la marche ; derrière lui, Sov, le scribe, sur les épaules duquel l&#39avenir de la Horde tout entière va bientôt reposer...",978-2756067261,https://m.media-amazon.com/images/I/91Eay4DPPYL._SY522_.jpg,Delcourt; Illustrated édition (18 octobre 2017),Éric Henninot,Science-Fiction
Métal Hurlant N°1: Le Futur c&#39est déjà demain,19.95,"En 2021, la science-fiction est aux portes de notre quotidien : écologie, robotique, transhumanisme, réalité virtuelle, passeport biologique, avatars post mortem, art numérique… Toutes ces thématiques sont abordées dans un numéro exceptionnel contenant une trentaine d’histoires courtes. Ces récits, éclectiques et fascinants, sont structurés autour d’un genre de la SF : l’anticipation proche. L’idée, c’est d’imaginer le jour d’après, l’instant ou la seconde à venir qui pourrait bien tout faire basculer. Au sommaire : rien que de la création contemporaine. Cette nouvelle série s’adresse autant à ceux qui ont vu naître Métal Hurlant qu’à la nouvelle génération de lecteurs.",978-2731640373,https://m.media-amazon.com/images/I/91d9bSxhoiS._SY522_.jpg,Les Humanoïdes Associés (29 septembre 2021),Ugo Bienvenu,Science-Fiction
Prométhée T0: Au commencement,11.25,"Darla Clemenceau est hantée par des visions d&#39apocalypse depuis qu&#39elle fut enlevée, lorsqu&#39elle était enfant, par un vaisseau extraterrestre. Elle est devenue depuis, la clé de la survie d&#39une dangereuse milice survivaliste. Un phénomène extraterrestre se produit sur la face cachée de la Lune où l&#39équipage de la navette spatiale Atlantis, comme l&#39ensemble de l&#39humanité, a rendez-vous avec son destin...",978-2302091337,https://m.media-amazon.com/images/I/71Wz-smDODL._SY522_.jpg,Soleil; Illustrated édition (27 mars 2024),Shawn Martinbrough,Science-Fiction
Sanctuaire - Intégrale (inclut Genesis),14.37,"En 2069, parti en mission de reconnaissance dans les eaux syriennes, le sous-marin américain USS Nebraska découvre dans les profondeurs un temple millénaire et se retrouve pris au piège d&#39une malédiction dont nul ne semble devoir sortir vivant…
Plongez ensuite dans les origines du mal de ce sanctuaire tourmenté avec Genesis, un préquel dans lequel toutes les énigmes seront levées.",978-2731679021,https://m.media-amazon.com/images/I/816wrdVb6UL._SY522_.jpg,Les Humanoïdes Associés; Illustrated édition (6 mars 2024),Xavier Dorison,Science-Fiction
Dr. Stone - Tome 01: Stone World,6.99,"Survivre et évoluer !
Taiju, un lycéen tokyoïte, est un jour victime d’un phénomène mystérieux : en une fraction de seconde, l’humanité entière est transformée en pierre ! Des milliers d’années plus tard, à son réveil, il décide de rebâtir la civilisation à partir de zéro avec son ami Senku !! Ne manquez pas ce mélange détonnant de récit de survie et d’aventure S.F. !!
Lorsque le scénariste d&#39Eyeshield 21 et le dessinateur de Sun-ken Rock décident de travailler ensemble, le résultat ne peut être qu&#39exceptionnel. Issu du prestigieux Weekly Shônen Jump, qui a vu éclore Dragon Ball et One Piece, Dr. Stone séduit d&#39emblée par son propos novateur et ses enjeux colossaux. Quand le renouveau de l&#39espèce humaine ne tient qu&#39à deux garçons, quelles solutions peuvent bien s&#39offrir à la survie de l&#39humanité ?",978-2344028032,https://m.media-amazon.com/images/I/91X3DdmHLkL._SY522_.jpg,Glénat Manga; Illustrated édition (4 avril 2018),Riichirô Inagaki,Science-Fiction
Centaurus - Intégrale,18.56,"Un gigantesque « vaisseau monde » a quitté la Terre à l&#39agonie. Vingt générations se sont succédée depuis son départ. Sa finalité : trouver une planète susceptible d&#39accueillir nos descendants. Vera, satellite de l&#39étoile Proxima Centaurus, pourrait convenir. Envoyé en reconnaissance, un équipage va perdre la liaison avec le vaisseau et découvrir un monde qui ressemble à celui du Jurassique.",978-2413024545,https://m.media-amazon.com/images/I/81bw0Bf4i7L._SY522_.jpg,Delcourt; Illustrated édition (16 novembre 2022),Rodolphe,Science-Fiction
Dr. Stone - Tome 02: Les deux nations du monde de pierre,6.99,"Arrivés dans la région de Hakone, Senku, Taiju et Yuzuriha s’empressent de fabriquer de la poudre à canon. Mais une colonne de fumée s’élève soudain dans le lointain, preuve de l’existence d’autres humains. Senku, conscient des risques que cela implique, décide de répondre à ces signaux de fumée.
Tsukasa, qui a pris Senku en chasse, gagne quant à lui du terrain, prêt à tout pour empêcher la fabrication de la poudre.
Nos héros se retrouvent alors dans une situation qui paraît sans issue…",978-2344028049,https://m.media-amazon.com/images/I/91N8XRozPRL._SY522_.jpg,Glénat Manga; Illustrated édition (4 juillet 2018),Riichirô Inagaki,Science-Fiction
La Horde du contrevent T02: L&#39escadre frêle,13.88,"C&#39est au beau milieu de la steppe immense que la Horde croise la route du Physalis, vaisseau de la flotte fréole, en mission de convoyage pour les villages Abrités. Accueillie à bord par une foule en liesse, la Horde goûte enfin un peu de repos. Pourtant, malgré la fête et les honneurs, le malaise de Sov ne cesse de grandir : les Fréoles sont-ils vraiment les alliés qu&#39ils prétendent être, et cette rencontre est-elle vraiment le fruit du hasard ?",978-2756072159,https://m.media-amazon.com/images/I/91x2viETVGL._SY522_.jpg,Delcourt; Illustrated édition (16 octobre 2019),Éric Henninot,Science-Fiction
Colonisation - Tome 08: Prédiction,14.5,"Dans l’espace il faut s’attendre à tout !
Dans l’espace infini, l’Agence envoie ses unités d’élite à la recherche des Nefs perdues. Leur but : retrouver les colons qu&#39elles renferment avant Raylan et ses Ecumeurs qui les traquent. Ceux-ci prônent par ailleurs la rupture totale avec la civilisation Atil, alliée de l’Humanité depuis la grande migration. La Team Shadow, menée par Milla et Sylloë, tente - en secret - de lever le voile sur les motivations profondes de chacun. Les dons des Atils ont-il été vraiment offerts par altruisme ? Quel but poursuit Raylan en traquant les Nefs et leurs colons ? Certaines réponses se trouvent peut-être sur un mystérieux astéroïde-plante, mais la team va devoir d’abord échapper aux Garns, ces féroces cerbères lancés à ses trousses. Ces deux nouvelles Nefs retrouvées permettront-elles de percer enfin à jour les motivations de Raylan et de le mettre hors-jeu ? Les espoirs sont fragiles car les forces en présence pourraient rapidement s&#39avérer déséquilibrées et la situation s&#39aggraver de manière fatale… Dans la grande tradition du genre,",978-2344040034,https://m.media-amazon.com/images/I/81uxjjY5dVL._SY522_.jpg,Glénat BD; Illustrated édition (17 janvier 2024),Denis-Pierre Filippi,Science-Fiction
Dr. Stone - Tome 03: Deux millions d&#39années en lieu sûr,6.99,"Arrivé au village de Kohaku, Senku cherche par tous les moyens à se faire des alliés parmi les habitants. Il obtient rapidement le soutien d’un garçon qui l’avait provoqué en ""duel scientifique"".
Avec l’aide de ses nouveaux camarades, il se lance dans la fabrication d’un remède universel capable de guérir la maladie de Ruri, la sœur ainée de Kohaku.
De nombreux défis attendent les bâtisseurs du royaume de la science !!",978-2344031711,https://m.media-amazon.com/images/I/916TSoZZYPL._SY522_.jpg,Glénat Manga; Illustrated édition (3 octobre 2018),Riichirô Inagaki,Science-Fiction
Carbone & Silicium,23.9,"2046
Derniers nés des laboratoires Tomorrow Foundation, Carbone et Silicium sont les prototypes d’une nouvelle génération de robots destinés à prendre soin de la population humaine vieillissante.
Élevés dans un cocon protecteur, avides de découvrir le monde extérieur, c’est lors d’une tentative d’évasion qu’ils finiront par être séparés. Ils mènent alors chacun leurs propres expériences et luttent, pendant plusieurs siècles, afin de trouver leur place sur une planète à bout de souffle où les catastrophes climatiques et les bouleversements politiques et humains se succèdent.",979-1033511960,https://m.media-amazon.com/images/I/819j8IBXdCL._SY522_.jpg,ANKAMA; Illustrated édition (28 août 2020),Mathieu Bablet,Science-Fiction
Capitaine Albator - Mémoires de l&#39Arcadia - Tome 1,11.99,"Dans cette aventure inédite du Capitaine Albator, une équipe de scientifique a découvert un mausolée de Sylvidres et des informations où il est fait mention de manipulations génétiques et d&#39un pouvoir destructeur terrifiant. Pouvoir capable de rendre les Sylvidres immortelles ou au contraire de provoquer leur destruction. La vague de froid extraordinaire qui frappe la planète bleue pourrait bien être liée à l&#39une de ces Sylvidres mutantes. Le Capitaine Albator et son équipage parviendront-ils à élucider ce mystère et sauver la Terre de ce nouveau péril ?!",978-2505070511,https://m.media-amazon.com/images/I/91icREIyqkL._SY522_.jpg,KANA; Illustrated édition (28 juin 2019),Alquie Jérôme,Science-Fiction
The Complete Calvin And Hobbes-,9.09,"Join Calvin and Hobbes on all their adventures in this four-volume collection of every comic strip from the comic strip’s eleven year history (1985 to1996).

Calvin and Hobbes is unquestionably one of the most popular comic strips of all time. The imaginative world of a boy and his real-only-to-him tiger was first syndicated in 1985 and appeared in more than 2,400 newspapers when Bill Watterson retired on January 1, 1996. The entire body of Calvin and Hobbes cartoons published in a truly noteworthy tribute to this singular cartoon in The Complete Calvin and Hobbes. Composed of four paperback, four-color volumes in a sturdy slipcase, this New York Times best-selling edition includes all Calvin and Hobbes cartoons that ever appeared in syndication. This is the treasure that all",,https://m.media-amazon.com/images/I/61++y5KoABL._SY522_.jpg,Andrews McMeel Publishing; Reprint édition (13 novembre 2012),Bill Watterson,Science-Fiction
L&#39Autoroute sauvage - Intégrale,16.55,"Le monde d’aujourd’hui n’existe plus. Dans une France détruite et redevenue sauvage où certains forment de petites communautés qu’on appelle les Groupés, Hélène grandit sur l’île de Porquerolles au sein de l’un de ces villages autarciques. À la suite d’une attaque de barbares, elle est contrainte de prendre la route si elle veut retrouver sa sœur disparue. Dans son périple, elle croise le chemin de Mo, un Solitaire imposant et taciturne, qui parcourt l’autoroute au rythme des saisons. Tous deux vont alors poursuivre leur route ensemble, unissant leurs destinées…",978-2731666755,https://m.media-amazon.com/images/I/81xoBV64coL._SY522_.jpg,Les Humanoïdes Associés; Illustrated édition (6 mars 2024),Julia Verlanger,Science-Fiction
Shangri-La,21.9,"Dans un futur lointain de quelques centaines d’années, les hommes vivent dans une station spatiale loin de la Terre et régie par une multinationale à qui est voué un véritable culte. En apparence, tout le monde semble se satisfaire de cette « société parfaite ». Dans ce contexte, les hommes veulent repousser leurs propres limites et devenir les égaux des dieux. C’est en mettant en place un programme visant à créer la vie à partir de rien sur Shangri-La, une des régions les plus hospitalières de Titan, qu’ils comptent bien réécrire la « Genèse » à leur façon.",978-2359109696,https://m.media-amazon.com/images/I/81k-201odNL._SY522_.jpg,ANKAMA; Illustrated édition (2 septembre 2016),Mathieu Bablet,Science-Fiction
Utopie T01,13.5,"Will Jones vit sa meilleure vie dans le loft d&#39une tour high tech d&#39une riche métropole avec ses implants mentaux et un androïde pourvoyant à son bonheur. Son travail à l&#39académie historique lui plait. Il lisse les témoignages du passé pour les rendre acceptables par le tout-venant. Mais un jour, il trouve un livre dans la poche de sa veste alors que les livres sont interdits depuis longtemps...",978-2413079033,https://m.media-amazon.com/images/I/81hrF2lz9wL._SY522_.jpg,Delcourt; Illustrated édition (8 novembre 2023),Griffo,Science-Fiction
The History of EC Comics,17.38,"En 1947, Bill Gaines hérite d’EC Comics, une nouvelle entreprise fondée par son père, le légendaire M. C. Gaines. Ce dernier a donné naissance aux comic books tels que nous les connaissons aujourd’hui, alors qu’il oeuvrait à All-American Comics, offrant au monde des personnages comme Wonder Woman et Green Lantern. Au cours des huit années suivantes, avec le gratin de l’époque, dont Al Feldstein, Harvey Kurtzman et Wally Wood, ils vont réinventer le concept même de comic book à travers des titres comme Tales from the Crypt, Crime SuspensStories, Weird Science et MAD.

EC a une prédilection pour les comics d&#39horreur, policiers, sanglants et morbides à la conclusion ironique et cinglante, mais la maison est aussi la première à publier des comics de guerre réalistes",978-3836549769,https://m.media-amazon.com/images/I/91-oGEZETNL._SY522_.jpg,EVERGREEN; Illustrated édition (7 août 2020),Grant Geissman,Science-Fiction
Capitaine Albator - Mémoires de l&#39Arcadia - Tome 3,15.09,"Dans cette aventure inédite du Capitaine Albator, une équipe de scientifique a découvert un mausolée de Sylvidres et des informations où il est fait mention de manipulations génétiques et d&#39un pouvoir destructeur terrifiant. Pouvoir capable de rendre les Sylvidres immortelles ou au contraire de provoquer leur destruction. La vague de froid extraordinaire qui frappe la planète bleue pourrait bien être liée à l&#39une de ces Sylvidres mutantes. Le Capitaine Albator et son équipage parviendront-ils à élucider ce mystère et sauver la Terre de ce nouveau péril ?!",978-2505070535,https://m.media-amazon.com/images/I/91okOd5AecL._SY522_.jpg,KANA; Illustrated édition (6 novembre 2020),Alquie Jérôme,Science-Fiction
Capitaine Albator - Mémoires de l&#39Arcadia - Tome 2,16.63,"La promesse qu&#39Albator a faite à son ami... À l&#39âge où, enfant, nous avons découvert Albator, nous n&#39y accordions peut-être pas tant d&#39importance... Mais les années passant, cette promesse d&#39Albator ? et quelle promesse ! ? prend tout son sens : elle pèse de tout son poids sur le personnage. Prendre soin d&#39une enfant, la protéger. On peut tous sombrer face à une telle responsabilité. Et Albator, alors ? L&#39action, le combat, le danger ne l&#39effraient pas. Mais si les doutes l&#39assaillent, finiront-ils par le paralyser ?",978-2505070528,https://m.media-amazon.com/images/I/81ncKzoJOML._SY522_.jpg,KANA (15 novembre 2019),Alquie Jérôme,Science-Fiction
Urban: Intégrale,19.16,"Dans un futur pas si lointain, nous sommes conviés à Monplaisir, le dernier lieu de loisir offert à une humanité en train de se reconstruire. Tout y fait l&#39objet d&#39un jeu... même la mort. Avec Urban (5 tomes), Luc Brunschwig pointe du doigt les dérives d&#39une société où le divertissement devient un enjeu sociétal. Roberto Ricci donne vie à ce monde dans un style qui rappelle le meilleur Gimenez. Une intégrale compacte, au format comics et au prix accessible, complétée par une postface inédite de Luc Brunschwig et des recherches graphiques de Roberto Ricci.",978-2754841764,https://m.media-amazon.com/images/I/91-XMcg8DmL._SY522_.jpg,FUTUROPOLIS; Illustrated édition (22 novembre 2023),Roberto Ricci,Science-Fiction
Scotland - Épisode 2,17.5,"Revenue sur les terres écossaises, Kathy découvre que la maison léguée par une tante a été incendiée. Elle essaie de comprendre l&#39origine de cet incendie et comprend peu à peu que cet événement serait lié à d&#39autres faits étranges qui se produisent dans la région, certains pouvant avoir une origine extra-terrestre. Alerté, le MI6 lui demande alors d&#39enquêter sur la présence d&#39espions russes présents sur ce territoire perdu...",978-2205204513,https://m.media-amazon.com/images/I/91zRmJIjbgL._SY522_.jpg,DARGAUD; Illustrated édition (3 février 2023),Leo,Science-Fiction
Demain T03,13.5,"Ted et Jo découvrent ce qui se cache de l&#39autre côté de l&#39ouverture au fond du garage de Norman Smith : un autre monde que le leur, montagneux, peuplé de créatures étonnantes et d&#39autochtones dangereux. Une chose est sûre, ils ne devaient rien découvrir de tout ceci. De son côté, Fleur survit seule dans un monde toujours plus violent, tandis que son père est captif dans une prison dorée.",978-2413076117,https://m.media-amazon.com/images/I/81LY2DcCDsL._SY522_.jpg,Delcourt; Illustrated édition (22 novembre 2023),Louis Alloing,Science-Fiction
La Horde du contrevent T03: La Flaque de Lapsane,16.95,"La Horde, menée d&#39une main de fer par son traceur, entame la traversée de la Flaque de Lapsane, dont nul n&#39est jamais ressorti vivant. Une épreuve pour tous, sans compter que la saison des pluies approche et que Callirhoé a secrètement décidé de garder son enfant. Pour Sov, qui doit tout à la fois la protéger et maintenir la cohésion du groupe, l&#39épreuve de vérité approche...",978-2413038177,https://m.media-amazon.com/images/I/81PkQBG93GL._SY522_.jpg,Delcourt; Illustrated édition (27 octobre 2021),Eric Henninot,Science-Fiction
Sillage T22,14.95,"Lorsque Nävis parvient enfin à mettre la main sur le fuyard refusant de se présenter à sa convocation, il s&#39avère rapidement que ce dernier est suffisamment fortuné et possède les bonnes connexions pour réussir à s&#39en tirer sans condamnation. Nävis dépasse alors les limites de sa charge en se montrant plus agressive que nécessaire. Notre humaine préférée a de plus en plus de mal à supporter l&#39injustice.",978-2413044680,https://m.media-amazon.com/images/I/71vorg-AITL._SY522_.jpg,Delcourt; Illustrated édition (25 janvier 2023),Philippe Buchet,Science-Fiction
Wunderwaffen T22,14.95,"Les Alliés allant attaquer en Italie, Staline décide de reprendre l&#39offensive bloquée à l&#39Est et d&#39accélérer la mise au point de fusées de bombardement. Aux USA, les essais mouvementés d&#39un chasseur prometteur bousculent les plans du Pentagone. Qui ne se doute pas qu&#39une technologie révolutionnaire ayant échappé aux Américains en 1943 s&#39apprête à devenir une super Wunderwaffe testée par Murnau...",978-2302099319,https://m.media-amazon.com/images/I/81sCcr-1BTL._SY522_.jpg,Soleil; Illustrated édition (8 novembre 2023),Maza,Science-Fiction
Bellatrix - Tome 1,14.0,"La flotte d&#39intervention de la galaxie, dont font partie les Avarants, peuple extra-terrestre évolué, est chargée d&#39intervenir sur des planètes afin d&#39éviter des tragédies, des guerres ou des régressions brutales qui toucheraient les peuples peu évolués. C&#39est ainsi que les habitants de Bellatrix vivent dans des conditions comparables à la Terre du début du XIXe siècle. Cette société, profondément fragilisée après une catastrophe, est menacée par un retour à l&#39obscurantisme. Aidées par les Avarants et la coalition galactique, Kim et Manon sont envoyées en mission afin d&#39observer et rendre compte de la situation. Elles devront rejoindre l&#39endroit où réside Narene Ever, une femme à la tête du mouvement d&#39opposition.",978-2205206173,https://m.media-amazon.com/images/I/81yQNPyBWEL._SY522_.jpg,DARGAUD; Illustrated édition (22 septembre 2023),Leo,Science-Fiction
Métal Hurlant n°9: Le Futur ? C&#39était mieux après,19.95,"Les menaces de guerre nucléaire, le réchauffement climatique, les problèmes énergétiques, le retour des extrémistes en tout genre, et avec eux la lente disparition des valeurs humaines: à Métal on s’en moque. Ici, dans notre quartier général, nous regardons les news en riant, car nous avons foi dans le futur. Nous ne souhaitons pas que tout aille bien, nous savons que tout ira bien. On le sait d’ailleurs depuis longtemps puisque déjà en mars 1981, Métal annonçait un futur heureux.",978-2731640328,https://m.media-amazon.com/images/I/811pZ52sbIL._SY522_.jpg,Les Humanoïdes Associés (22 novembre 2023),Nicolas Begue,Science-Fiction
Bug - Tome 3,15.25,"Alors que le grand Bug planétaire a rendu impossible l&#39accès aux données numériques, l&#39hypermnésique Kameron Obb est la proie de toutes les convoitises. Traqué à travers le monde par des instances gouvernementales autant que par des groupuscules contestataires, il réussit à communiquer avec sa fille, elle-même kidnappée par de mystérieux ravisseurs... Mais quelle est la véritable nature du Bug ? Est-ce seulement une catastrophe technologique ou bien la conséquence d&#39une véritable attaque contre l&#39Humanité ? Dans ce troisième épisode, Enki Bilal se régale dans la mise en scène de nombreuses femmes puissantes, avec une suite de rebondissements et de séquences spectaculaires ponctué de réflexions satiriques aussi inattendues que réjouissantes...",978-2203202283,https://m.media-amazon.com/images/I/71ePoN8dkoL._SY522_.jpg,CASTERMAN; Illustrated édition (16 mars 2022),Enki Bilal,Science-Fiction
Thellus - Le Cycle d&#39Eva Samas - Tome 01,14.95,"Comment briser ses chaînes, quand on a passé sa vie dans les ténèbres ?
Élevée dans les entrailles de la mine d&#39or de Kitum, Eva est piégée dans un monde où la vieillesse n’existe pas car toute personne est exécutée dès son cinquantième anniversaire. Les Maîtres, tyrans de cet univers, envoient des chasseurs armés d’essenceurs, qui fusionnent le sang humain avec de l&#39or pur pour créer de l&#39Energite, un mystérieux liquide essentiel à leurs sombres desseins… La vie d’Eva prend un tournant dramatique lorsque Priol, son frère rebelle, affronte un chasseur venu extraire le sang d’un vieux mineur. Cet affrontement force Eva à prendre la fuite avec son ami Molosso. Alors qu’ils errent dans le désert, leur périple les conduit directement dans les griffes du peuple du serpent, qui les emprisonne dans un fragment de l’Arche, le vaisseau spatial échoué des Maîtres. Cette merveille technologique ancienne, devenue prison, repose enfouie dans les profondeurs, près d’une ville souterraine, après s’être écrasée sur la planète mille ans auparavant. C’est là qu’Eva fait la rencontre d’un personnage de légende dont les révélations vont changer à jamais son destin.
Entourée de deux dessinateurs talentueux, Carlos Gómez et Laura Zuccheri, la scénariste Simona Mogavino signe une grande saga SF empreinte de mythologie, qui nous projette sur une planète inconnue. À travers deux cycles de deux albums, nous suivons les deux destins parallèles de Kad-Moon et d’Eva Samas, qui sont voués à se croiser dans un cinquième opus pour la révélation finale ! Dans cette épopée captivante, Eva et Kad-Moon, se retrouvent au cœur d&#39une aventure initiatique extraordinaire qui va bouleverser l’ordre établi sur la Planète Thellus. Leur combat interroge les notions de bien et de mal, de domination et de liberté. Un space opera époustouflant à ne pas manquer où la guerre, l&#39innovation et la nature sauvage s’entremêlent.",978-2344042823,https://m.media-amazon.com/images/I/91XWBN8uyoL._SY522_.jpg,Glénat BD; Illustrated édition (2 mai 2024),Simona Mogavino,Science-Fiction
Memphis - Intégrale,29.5,"Un thriller mystérieux enfin en intégrale
Louis Rockwell est maquettiste pour le quotidien de la ville de Memphis, Tennessee. Alors qu’il retrouve par hasard son ex-fiancée, celle-ci ne le reconnaît pas. Il découvre qu’elle vit en fait dans une vaste résidence où les habitants mènent une existence végétative. Roosevelt, un collègue de Louis très adepte de la théorie du complot, a lui aussi remarqué d’étranges phénomènes en ville. Les deux hommes se rendent progressivement compte que la ville semble être coupée du monde depuis les années 60... Rodolphe et Bertrand Marchal signent avec Memphis un thriller mystérieux et haletant - dans la lignée de Dark City d&#39Alex Proyas. Retrouvez pour la première fois en une intégrale, l’ambiance si particulière des villes américaines dans les années 60…",978-2344063613,https://m.media-amazon.com/images/I/81eSs70bk+L._SY522_.jpg,Glénat BD; Illustrated édition (22 mai 2024),Rodolphe,Science-Fiction
Walking Dead T33: Épilogue,19.21,"Sebastian Milton a tiré sur Rick Grimes. Puis il l&#39a achevé. Carl arrive à la demeure de son père le lendemain matin, pour le découvrir transformé en mortvivant. Il lui met une balle dans la tête par réflexe, avant de réaliser ce qu&#39il a vraiment fait. Carl s&#39occupe de faire rapatrier le corps de son père vers Alexandria. Mais il ne voyage pas seul... Une foule très nombreuse décide d&#39accompagner Rick vers sa dernière demeure... Voici ce qui se passe après...",978-2413026433,https://m.media-amazon.com/images/I/8174dQl47nL._SY522_.jpg,Delcourt; Illustrated édition (15 janvier 2020),Robert Kirkman,Science-Fiction
Yan - Tome 01,14.95,"Le doux chant… de la vengeance
La famille de Yan, 15 ans, fait partie de la prestigieuse troupe de l’Opéra de Pékin… Mais le jour où tous ses membres sont sauvagement assassinés, l’adolescente se retrouve accusée à tort de ce meurtre sordide ! Seule survivante du massacre, elle sera incarcérée durant de longues années dans un centre de recherche tenu secret. Mais l’heure de vérité a sonné. De retour parmi les vivants, Yan n’a rien oublié. Revêtue du traditionnel costume théâtral que sa famille avait coutume de porter, elle va entrer dans une spirale de vengeance…
Avec cette nouvelle série en trois volumes, Chang Sheng dynamite les genres ! Il revisite les codes du seinen manga tout en nous offrant une relecture d’un célèbre opéra de Pékin à travers un récit de super-héroïne déjanté où cultures pop et traditionnelle cohabitent à merveille. Une saga époustouflante et magistralement mise en scène que l’on dévore d’une traite !",978-2344061701,https://m.media-amazon.com/images/I/71-PjXCR3WL._SY522_.jpg,Glénat Manga; Illustrated édition (3 avril 2024),Chang Sheng,Science-Fiction
Walking Dead T32,14.29,"Rick va-t-il être capable de ramener la paix au Commonwealth ? La situation s&#39envenime avec la Gouverneuse Milton. Et question essentielle reste posée, sans réponse dans l&#39immédiat : est-ce que si une communauté aussi puissante et organisée que le Commonwealth venait à tomber, qu&#39est-ce que cela dirait de l&#39état du monde ? Pas certain que le futur soit très brillant pour nos protagonistes...",978-2413016816,https://m.media-amazon.com/images/I/81sc2F-wVvL._SY522_.jpg,Delcourt; Illustrated édition (16 octobre 2019),Robert Kirkman,Science-Fiction
The History of EC Comics,8.19,"En 1947, Bill Gaines hérite d’EC Comics, une nouvelle entreprise fondée par son père, le légendaire M. C. Gaines. Ce dernier a donné naissance aux comic books tels que nous les connaissons aujourd’hui, alors qu’il oeuvrait à All-American Comics, offrant au monde des personnages comme Wonder Woman et Green Lantern. Au cours des huit années suivantes, avec le gratin de l’époque, dont Al Feldstein, Harvey Kurtzman et Wally Wood, ils vont réinventer le concept même de comic book à travers des titres comme Tales from the Crypt, Crime SuspensStories, Weird Science et MAD.

EC a une prédilection pour les comics d&#39horreur, policiers, sanglants et morbides à la conclusion ironique et cinglante, mais la maison est aussi la première à publier des comics de guerre réalistes",978-3836549769,https://m.media-amazon.com/images/I/91-oGEZETNL._SY522_.jpg,EVERGREEN; Illustrated édition (7 août 2020),Grant Geissman,Science-Fiction
Métal Hurlant - Coffret : N°1 à 4,79.99,"Ce coffret collector réunit les quatre premiers numéros de Métal Hurlant nouvelle génération. Une occasion unique de (re)découvrir le magazine à travers plus de 1 000 pages de bandes dessinées, d’articles et d’interviews.",978-2731695922,https://m.media-amazon.com/images/I/51NsXPDwhSL._SY522_.jpg,Les Humanoïdes Associés (22 novembre 2023),XXX,Science-Fiction
Final Incal,15.94,"Jodorowsky and Mœbius’s internationally bestselling Sci-Fi saga THE INCAL comes to its phenomenal finale!

Lowly class ‘R’ detective John Difool and his faithful companion, Deepo, are unwillingly hurled into yet another universe-saving mission, as their world is faced with the threat of an all-devouring metallic virus. Visionary storyteller Jodorowsky returns to the epic mythology he created with the late Mœbius in the early 80s. For the conclusion of the legendary spiritual space adventure series, he partners with Eisner-winning artist Ladrönn.",978-1594651076,https://m.media-amazon.com/images/I/61WoWDa2UxL._SY522_.jpg,"Humanoids, Inc.; 1er édition (11 mars 2015)",Alejandro Jodorowsky,Science-Fiction
Les Cités obscures - Le Retour du Capitaine Nemo,6.99,"Un être hybride émerge des eaux. À la fois créature animale et engin sous-marin, le Nauti-poulpe abrite à son bord un homme amnésique. Où l&#39emmène ce petit vaisseau qui arpente des lieux plus ou moins familiers ? "" Capitaine, j&#39étais capitaine... Je suis le capitaine Nemo. "" Porté par d&#39impressionnantes images en noir et blanc, le récit nous fait suivre le héros des romans de Jules Verne Vingt Mille Lieues sous les mers et L&#39Île mystérieuse, à qui Schuiten et Peeters imaginent un nouveau destin. Dans ce très beau livre se mêlent la bande dessinée, le récit illustré et l&#39histoire de Verne lui-même, installé dans la ville d&#39Amiens où sera bientôt érigée une monumentale sculpture en bronze du Nauti-poulpe. Les auteurs des Cités Obscures font ainsi revivre un personnage inoubliable qui a bouleversé les imaginaires...",978-2203254398,https://m.media-amazon.com/images/I/91hPVsGofrL._SY522_.jpg,CASTERMAN; Illustrated édition (25 octobre 2023),François Schuiten,Science-Fiction
Europa T02,12.03,Personne ne sait ce qu&#39il est advenu des équipes envoyées successivement sur Europa. La possibilité d&#39un sabotage devient de plus en plus probable. Pendant ce temps sur Terre une foule de dévots créationnistes crient au complot et croient dénoncer la mascarade qui prétend que l&#39on peut envoyer un homme dans l&#39espace. Pourtant il y a bien des hommes sur Europa et ils ont besoin d&#39aide.,978-2413039853,https://m.media-amazon.com/images/I/81dDqtm-ToL._SY522_.jpg,Delcourt; Illustrated édition (15 février 2023),RODOLPHE+LEO,Science-Fiction
Métal Hurlant N°2: 1975-1984 : Le Nouveau Visage de l&#39imaginaire,19.95,"Que retenir de la fantastique aventure de Métal Hurlant entre 1975 et 1987 ? Répondre à une telle question est un défi que seul Jean-Pierre Dionnet, son cofondateur et rédacteur en chef historique, pouvait relever. Il a fait une première sélection de 23 histoires courtes qui, selon lui, constituent l’essence de Métal Hurlant. On y retrouvera The Long Tomorrow de Mœbius et Dan O’Bannon, qui a influencé le film Blade Runner, Agorn de Philippe Druillet ou Crux Universalis Eternity Road d&#39Enki Bilal. Et d&#39autres auteurs qui ont marqué l&#39histoire du genre, dont Mézières, Gillon, Claveloux, Schuiten ou Jean-Claude Gal.",978-2731607123,https://m.media-amazon.com/images/I/91ictUNsxkL._SY522_.jpg,Les Humanoïdes Associés (16 février 2022),Moebius,Science-Fiction
Dream Machine: ou comment j&#39ai failli vendre mon âme à l&#39intelligence artificielle,22.9,"""Jamais un domaine du savoir n&#39avait connu une telle croissance exponentielle. Il était temps de tirer mon épingle du jeu...""prg> Hugo a créé sa start-up sur les modèles d&#39IA au coeur de la révolution ChatGPT. En passe de vendre sa technologie au géant du numérique REAL.E, il s&#39interroge sur les véritables motivations de son mystérieux client. Est-ce le contrat dont rêve tout entrepreneur ou bien le début d&#39un long cauchemar à l&#39échelle planétaire ? Alors que les plans de REAL.E semblent de plus en plus nébuleux se profile à l&#39horizon une IA incroyablement puissante, mais aussi source de chaos et d&#39indécentes concentrations de richesse...",978-2080428134,https://m.media-amazon.com/images/I/71KHpOU0quL._SY522_.jpg,FLAMMARION; Illustrated édition (27 septembre 2023),Appupen,Science-Fiction
Guardian: Zhen Hun (Novel) Vol. 3 (Special Edition),29.1,"Limited Edition (one printing only!) of this danmei/Boys’ Love novel series from China that inspired the popular live-action drama streaming in English!

In this final book (Volume 3), read the conclusion to this modern fantasy about gods, ghosts, and supernatural investigations from blockbuster author Priest (Stars of Chaos: Sha Po Lang, Word of Honor).

When a mysterious illness knocks Zhao Yunlan off his feet, he enjoys being doted on by Shen Wei—until he discovers a grim secret that threatens to tear them apart. However, it’s not just their domestic bliss that’s on the verge of collapse. The Great Seal is cracking, order itself is about to break down and extinguish all life, and their only hope to stop the destruction is the final Hallowed Artifact: the Soul-Guarding Lamp. But even as the world threatens to crumble around them, Zhao Yunlan searches for the truth and a way to keep Shen Wei by his side, this time for all eternity. The thrilling conclusion to the hit series arrives!

This limited Special Edition contains the Standard Edition, but with bonus merchandise shrinkwrapped to the book: a set of six postcards, a double-sided bookmark, two folded mini posters, and a sticker sheet. Don&#39t miss the new art from guest artists included in this special merch!",979-8891608504,https://m.media-amazon.com/images/I/71at7lsqtrL._SY522_.jpg,Seven Seas (13 août 2024),Priest,Science-Fiction
Golden City T15: Jour de terreur,7.67,"Golden City fait face à une nouveau danger : une météorite menace de s&#39écraser sur la ville mais inexplicablement, elle s&#39immobilise avant la collision. Harrison Banks l&#39analyse et découvre qu&#39il s&#39agit d&#39un organisme extraterrestre ! Ce dernier s&#39échappe et provoque l&#39affolement en ville car il a pris possession des réacteurs de Golden City et la dirige droit sur la Terre...",978-2413048077,https://m.media-amazon.com/images/I/81K4vRvwwDL._SY522_.jpg,Delcourt; Illustrated édition (16 août 2023),Nicolas Malfin,Science-Fiction
Travis T17: Les Pluies sèches,14.95,"Sur Mars, Travis retrouve Seaside et son équipage qui conduisent Carmen, gravement blessée, à l&#39hôpital. Travis veut l&#39aider mais elle ne pense qu&#39à se venger de Dario Fulci. Pendant ce temps au Danemark, une multinationale s&#39approprie le réseau de distribution d&#39eau et provoque une pénurie. Les événements se précipitent lorsque Fulci est assassiné et que Carmen est la principale suspecte...",978-2413049180,https://m.media-amazon.com/images/I/81Ier6qVDIL._SY522_.jpg,Delcourt; Illustrated édition (14 février 2024),Christophe Quet,Science-Fiction
"Walking Dead, Tome 26 : L&#39appel aux armes",15.5,"Les Chuchoteurs ont pensé semer la terreur. Ils ne vont récolter que la vengeance de la communauté emmenée par Rick, Michonne et les autres. Alors qu&#39ils pensaient avoir retrouvé une forme de normalité dans ce monde devenu fou depuis l&#39apocalypse zombie, l&#39existence et les humains rescapés font à nouveau basculer leur vie dans un maelstrom de violence et de sang.",978-2756077048,https://m.media-amazon.com/images/I/81zy8lkAntL._SY522_.jpg,Delcourt; Illustrated édition (5 octobre 2016),Robert Kirkman,Science-Fiction
Eniac,25.0,"Il y a soixante-dix-sept ans, les États-Unis ont trouvé le moyen de vaincre les puissances de l&#39Axe. Mais, dans leur désespoir de mettre fin à la guerre, ont créé une menace beaucoup plus puissante :ENIAC, le premier superordinateur du monde. Les calculs d&#39ENIAC se sont avérés essentiels pour renverser la vapeur contre l&#39Allemagne et le Japon - jusqu&#39à ce qu&#39il ordonne le largage de la deuxième bombe atomique sur Nagasaki sans aucun ordre ni approbation humaine. L&#39Amérique avait créé par inadvertance la première intelligence artificielle sans jamais se rendre compte de l&#39étendue de ses capacités... ou de ses ambitions. Pendant les plus de 50 années qui ont suivi, ENIAC a manipulé les affaires mondiales dans l&#39ombre, menant une guerre froide... jusqu&#39à ce qu&#39il disparaisse. Maintenant, des années plus tard, un compte à rebours crypté vient d&#39être détecté et l&#39humanité n&#39a plus que trois jours avant qu&#39 ENIAC n&#39exécute sa phase finale.",978-2375783474,https://m.media-amazon.com/images/I/01PkLIhTX3L.gif,Bliss (23 août 2024),Doug Braithwaite,Science-Fiction
"Walking Dead, Tome 24 : Opportunités",15.5,"Une autre vie a commencé pour les survivants de la terrible guerre contre Negan. Mais cette nouvelle ère de paix et de prospérité est menacée par un ennemi, qui marche parmi les rôdeurs. Les vieux amis en visite à Alexandria le temps d&#39une foire ne seront pas de trop pour stopper leur progression. L&#39affrontement sera sanglant, mais l&#39union fait la force. La vie devrait l&#39emporter sur la mort...",978-2756075822,https://m.media-amazon.com/images/I/81Zf4aqkYWL._SY522_.jpg,Delcourt; Illustrated édition (18 novembre 2015),Robert Kirkman,Science-Fiction
Sillage - Intégrale T19 à T21,8.49,"Navire amiral de la Constituante, croiseurs d&#39intervention, astronefs, frégates... Ils sont des millions à constituer une formidable armada spatiale lancée à la recherche de nouvelles planètes exploitables. Dans ce convoi nommé SILLAGE se côtoient toutes sortes de peuples d&#39origines et de croyances multiples. Mais une race y demeurait inconnue : les êtres humains. Et puis débarqua Nävis !",978-2413080855,https://m.media-amazon.com/images/I/71mKD26f69L._SY522_.jpg,Delcourt; Illustrated édition (11 octobre 2023),Philippe Buchet,Science-Fiction
Stars of Chaos: Sha Po Lang (Novel) Vol. 3,19.38,"CAPITAL UNDER SIEGE

With the Westerners and their allies pressing in on all sides, the empire of Great Liang enters its darkest hour. Under these desperate conditions, Gu Yun leads the beleaguered Black Iron Battalion to hold the borders. Meanwhile, Chang Geng makes his move in the imperial court, sweeping corrupt officials aside in an effort to stabilize the nation before it’s too late.

As the two struggle to hold the tattered pieces of the empire together, Gu Yun uncovers a shocking truth about the curse slowly tightening its grip on Chang Geng’s mind. But are the deepest secrets of Cheng Geng’s past enough to move even the iron heart of the nation’s most fearsome general?",978-1638589389,https://m.media-amazon.com/images/I/81gzRlxW9tL._SY522_.jpg,Seven Seas (4 mai 2024),Priest,Science-Fiction
